date,weather_code,temperature_2m_max,temperature_2m_min,apparent_temperature_max,apparent_temperature_min,precipitation_sum,rain_sum,showers_sum,snowfall_sum,wind_speed_10m_max,wind_gusts_10m_max
2021-10-01,51,13.0,6.7,10.8,4.5,0.8,0.8,0.0,0.0,11.8,32.8
2021-10-02,3,14.5,5.7,10.3,3.1,0.0,0.0,0.0,0.0,20.3,41.8
2021-10-03,3,15.8,7.2,12.2,3.8,0.0,0.0,0.0,0.0,19.5,50.0
2021-10-04,3,16.2,7.8,12.3,3.9,0.0,0.0,0.0,0.0,20.3,51.1
2021-10-05,3,15.3,9.2,10.5,5.0,0.0,0.0,0.0,0.0,24.6,59.8
2021-10-06,3,15.8,9.4,10.7,4.1,0.0,0.0,0.0,0.0,27.1,62.3
2021-10-07,3,13.1,3.8,9.0,0.5,0.0,0.0,0.0,0.0,18.7,47.9
2021-10-08,2,12.6,2.2,8.4,-1.3,0.0,0.0,0.0,0.0,11.4,18.7
2021-10-09,3,12.4,3.0,8.9,-0.3,0.0,0.0,0.0,0.0,9.2,17.3
2021-10-10,3,13.2,3.4,9.0,0.1,0.0,0.0,0.0,0.0,13.4,31.7
2021-10-11,3,10.5,2.2,5.8,-1.5,0.0,0.0,0.0,0.0,19.0,43.2
2021-10-12,51,10.6,3.6,7.3,-0.5,0.2,0.0,0.2,0.0,14.6,39.2
2021-10-13,3,10.8,2.9,7.6,0.3,0.0,0.0,0.0,0.0,10.7,22.7
2021-10-14,51,10.2,3.8,6.5,0.8,0.1,0.0,0.1,0.0,14.5,41.0
2021-10-15,81,11.1,5.6,7.0,1.7,8.6,8.3,0.3,0.0,25.0,55.8
2021-10-16,51,10.6,4.3,6.3,0.5,0.3,0.0,0.3,0.0,20.6,47.5
2021-10-17,55,8.4,3.4,5.6,0.2,5.6,4.5,1.1,0.0,17.9,42.8
2021-10-18,53,8.7,2.6,3.9,-1.1,3.4,0.0,3.4,0.0,20.4,39.2
2021-10-19,3,7.7,1.3,4.9,-1.1,0.0,0.0,0.0,0.0,18.5,45.0
2021-10-20,61,14.8,5.7,10.7,1.1,8.3,8.3,0.0,0.0,29.5,74.2
2021-10-21,81,14.6,7.9,12.0,2.5,7.6,5.6,2.0,0.0,32.8,67.3
2021-10-22,80,8.9,4.2,3.6,0.7,10.0,8.0,2.0,0.0,26.5,60.5
2021-10-23,51,7.3,3.0,2.6,-1.0,1.3,0.1,1.2,0.0,20.9,48.2
2021-10-24,3,6.6,1.5,3.5,-1.6,0.0,0.0,0.0,0.0,13.0,41.4
2021-10-25,3,8.7,2.5,4.2,-1.2,0.0,0.0,0.0,0.0,17.7,49.0
2021-10-26,61,8.6,2.5,5.7,-1.0,2.5,2.5,0.0,0.0,15.9,43.2
2021-10-27,63,12.1,6.0,9.3,3.1,11.9,11.7,0.2,0.0,23.7,59.8
2021-10-28,51,12.1,9.0,10.9,6.6,0.5,0.1,0.4,0.0,17.9,42.1
2021-10-29,3,12.2,7.5,9.4,5.1,0.0,0.0,0.0,0.0,15.5,47.9
2021-10-30,3,12.8,6.1,9.6,3.4,0.0,0.0,0.0,0.0,15.9,47.5
2021-10-31,3,11.8,6.7,8.1,3.7,0.0,0.0,0.0,0.0,18.6,54.4
2021-11-01,3,10.7,5.3,6.2,1.1,0.0,0.0,0.0,0.0,19.0,50.0
2021-11-02,3,9.7,4.3,5.9,0.4,0.0,0.0,0.0,0.0,18.9,47.5
2021-11-03,53,7.7,6.0,5.7,2.8,6.5,6.3,0.2,0.0,15.0,41.8
2021-11-04,61,9.0,4.7,6.2,1.8,6.1,6.1,0.0,0.0,20.4,49.7
2021-11-05,53,10.3,6.2,7.1,2.2,5.5,4.8,0.7,0.0,22.0,52.2
2021-11-06,51,8.6,4.7,4.6,1.3,1.8,0.2,1.6,0.0,21.6,49.7
2021-11-07,61,8.1,4.4,4.6,1.5,13.2,13.0,0.2,0.0,21.7,48.2
2021-11-08,85,7.5,-0.6,3.7,-4.4,2.2,1.8,0.4,0.07,26.1,47.9
2021-11-09,73,2.4,-1.5,-1.7,-5.0,0.5,0.2,0.0,0.21,20.3,52.2
2021-11-10,73,5.8,-0.0,2.1,-5.1,5.2,3.9,0.0,0.91,21.4,54.4
2021-11-11,51,8.4,5.7,6.0,2.4,1.0,0.6,0.4,0.0,21.0,45.7
2021-11-12,51,7.7,2.7,3.7,-0.1,0.2,0.0,0.2,0.0,20.2,44.6
2021-11-13,3,5.1,2.4,2.3,-0.3,0.0,0.0,0.0,0.0,10.3,29.5
2021-11-14,3,5.7,-0.2,2.6,-3.3,0.0,0.0,0.0,0.0,8.9,23.4
2021-11-15,3,2.8,-1.0,-1.1,-4.8,0.0,0.0,0.0,0.0,10.0,32.4
2021-11-16,3,2.4,-1.3,-1.1,-4.9,0.0,0.0,0.0,0.0,10.5,32.8
2021-11-17,51,3.4,0.3,-0.0,-3.0,0.2,0.2,0.0,0.0,14.8,38.5
2021-11-18,53,6.5,2.5,2.4,-0.9,2.0,2.0,0.0,0.0,20.0,39.2
2021-11-19,3,10.3,2.3,6.1,-0.7,0.0,0.0,0.0,0.0,25.5,57.6
2021-11-20,51,9.0,4.2,3.2,-0.6,0.5,0.1,0.5,0.0,30.0,60.1
2021-11-21,53,5.4,-0.7,2.6,-4.8,2.6,1.8,0.8,0.0,13.1,35.3
2021-11-22,3,0.8,-2.5,-3.2,-6.5,0.0,0.0,0.0,0.0,13.7,38.5
2021-11-23,75,2.7,-1.6,-0.5,-6.5,5.5,1.8,0.0,2.59,16.7,45.0
2021-11-24,51,5.0,0.1,1.2,-3.9,0.1,0.1,0.0,0.0,17.9,54.0
2021-11-25,51,6.5,2.8,2.5,-2.3,0.9,0.8,0.1,0.0,20.8,40.3
2021-11-26,53,3.6,1.4,-0.8,-3.8,2.2,2.2,0.0,0.0,24.2,51.8
2021-11-27,73,1.8,-1.2,-1.3,-5.2,4.0,1.6,0.0,1.68,17.6,43.9
2021-11-28,73,0.5,-2.3,-2.4,-5.7,1.8,0.7,0.0,0.77,10.7,25.6
2021-11-29,73,0.1,-3.5,-4.1,-9.1,10.4,3.2,0.0,5.04,20.1,46.8
2021-11-30,71,-0.6,-5.9,-6.1,-10.6,2.6,0.7,0.0,1.33,23.7,49.3
2021-12-01,85,-0.3,-9.6,-4.4,-13.5,2.5,1.2,0.2,0.77,21.4,43.9
2021-12-02,73,1.1,-3.3,-2.3,-8.5,8.5,2.7,0.0,4.06,20.8,47.2
2021-12-03,85,0.7,-4.8,-2.9,-9.1,15.5,5.1,0.5,6.93,19.3,44.3
2021-12-04,73,-2.3,-10.8,-6.2,-14.9,2.7,1.0,0.0,1.19,9.7,20.5
2021-12-05,71,-3.7,-12.3,-7.7,-17.2,0.5,0.2,0.0,0.21,12.1,29.9
2021-12-06,3,-9.3,-13.7,-13.6,-18.0,0.0,0.0,0.0,0.0,9.7,24.8
2021-12-07,2,-9.6,-15.1,-13.9,-19.2,0.0,0.0,0.0,0.0,6.1,14.4
2021-12-08,3,-8.2,-12.8,-12.9,-17.2,0.0,0.0,0.0,0.0,11.3,41.0
2021-12-09,71,-5.4,-10.8,-11.2,-16.0,0.3,0.2,0.0,0.07,19.5,58.7
2021-12-10,71,1.8,-5.4,-3.0,-11.3,3.4,2.7,0.0,0.49,22.3,58.3
2021-12-11,71,2.2,0.6,-0.9,-3.2,9.7,9.2,0.0,0.35,19.2,51.1
2021-12-12,71,0.8,-2.6,-1.9,-6.0,0.7,0.3,0.0,0.28,7.4,20.5
2021-12-13,45,0.2,-5.5,-3.2,-8.9,0.0,0.0,0.0,0.0,9.5,25.9
2021-12-14,73,1.8,-2.7,-1.5,-7.0,7.4,4.9,0.0,1.75,18.4,49.0
2021-12-15,51,4.0,-0.1,0.5,-3.9,0.1,0.1,0.0,0.0,18.1,52.2
2021-12-16,45,5.6,3.2,1.2,-2.0,0.0,0.0,0.0,0.0,22.5,51.1
2021-12-17,3,3.9,0.3,-0.8,-3.2,0.0,0.0,0.0,0.0,19.9,46.8
2021-12-18,53,6.2,0.3,2.2,-3.0,1.3,1.3,0.0,0.0,23.2,51.8
2021-12-19,51,6.1,-0.6,0.8,-5.6,0.5,0.4,0.1,0.0,25.3,52.2
2021-12-20,51,-1.6,-7.9,-7.2,-13.5,0.1,0.1,0.0,0.0,19.4,39.6
2021-12-21,3,-6.0,-8.3,-10.8,-13.1,0.0,0.0,0.0,0.0,13.5,32.0
2021-12-22,3,-5.9,-9.2,-10.4,-13.7,0.0,0.0,0.0,0.0,9.5,31.3
2021-12-23,73,-3.0,-9.1,-8.4,-14.1,1.4,0.2,0.0,0.84,21.3,53.3
2021-12-24,73,-2.8,-8.3,-7.1,-12.3,7.6,2.6,0.1,3.43,21.9,50.4
2021-12-25,85,-2.5,-9.3,-8.0,-13.2,4.8,1.4,0.6,1.96,20.8,51.1
2021-12-26,86,-2.3,-9.2,-8.0,-13.7,5.0,1.1,0.7,2.24,25.2,50.0
2021-12-27,73,-1.6,-7.5,-5.9,-11.9,1.1,0.4,0.0,0.49,12.0,42.5
2021-12-28,3,-5.4,-9.5,-10.5,-14.0,0.0,0.0,0.0,0.0,21.6,62.6
2021-12-29,3,-4.7,-6.6,-10.4,-12.9,0.0,0.0,0.0,0.0,21.6,62.6
2021-12-30,51,0.5,-7.0,-3.6,-11.7,0.3,0.3,0.0,0.0,14.2,41.8
2021-12-31,53,2.5,0.8,-0.6,-3.3,0.6,0.6,0.0,0.0,15.7,46.1
2022-01-01,53,3.2,-5.2,-0.7,-8.9,0.7,0.7,0.0,0.0,19.6,42.1
2022-01-02,75,-0.5,-5.5,-4.3,-10.1,13.5,5.7,0.0,5.46,20.4,52.9
2022-01-03,71,1.8,-0.2,-1.2,-3.7,3.1,3.0,0.0,0.07,12.8,31.0
2022-01-04,53,3.4,0.1,-0.5,-3.2,2.3,2.3,0.0,0.0,17.5,42.5
2022-01-05,73,2.7,0.2,-1.4,-4.9,1.3,0.7,0.0,0.42,20.0,44.6
2022-01-06,85,0.9,-4.1,-3.2,-10.0,2.8,0.5,0.7,1.26,21.4,44.6
2022-01-07,85,-0.8,-3.9,-5.5,-8.7,1.7,0.2,0.7,0.56,19.5,41.8
2022-01-08,71,-0.9,-3.3,-5.6,-8.4,1.3,0.2,0.0,0.77,18.5,43.9
2022-01-09,51,-1.0,-3.6,-4.7,-7.5,0.2,0.2,0.0,0.0,14.7,37.4
2022-01-10,45,-0.4,-7.9,-4.2,-11.9,0.0,0.0,0.0,0.0,10.6,25.2
2022-01-11,2,-6.3,-10.5,-10.3,-14.6,0.0,0.0,0.0,0.0,5.9,17.6
2022-01-12,71,-1.1,-10.6,-5.5,-15.1,0.3,0.1,0.0,0.14,14.4,42.5
2022-01-13,56,4.4,-0.6,0.6,-5.0,0.1,0.1,0.0,0.0,18.7,55.1
2022-01-14,85,5.4,1.4,-0.6,-6.3,4.9,3.3,1.1,0.63,39.0,79.2
2022-01-15,71,2.2,-1.0,-3.9,-5.3,0.1,0.0,0.0,0.07,28.3,55.8
2022-01-16,71,2.1,-1.3,-2.7,-5.5,1.5,1.1,0.0,0.28,23.9,55.8
2022-01-17,85,2.7,-2.6,-2.3,-9.4,4.8,1.9,0.5,1.68,34.5,68.4
2022-01-18,3,0.1,-3.3,-4.8,-7.8,0.0,0.0,0.0,0.0,22.6,52.6
2022-01-19,3,2.9,-0.3,-1.3,-5.2,0.0,0.0,0.0,0.0,20.6,55.1
2022-01-20,85,1.2,-1.3,-3.9,-7.9,6.4,2.2,0.1,2.87,28.3,55.1
2022-01-21,85,-0.8,-3.0,-7.1,-8.9,3.5,1.2,0.2,1.61,26.6,51.1
2022-01-22,3,-2.3,-6.3,-7.4,-10.2,0.0,0.0,0.0,0.0,19.1,41.0
2022-01-23,3,-2.5,-7.7,-6.7,-11.4,0.0,0.0,0.0,0.0,13.4,37.1
2022-01-24,51,1.7,-2.2,-2.3,-7.2,0.6,0.6,0.0,0.0,17.5,45.7
2022-01-25,45,2.4,-4.7,-1.0,-7.8,0.0,0.0,0.0,0.0,13.3,36.0
2022-01-26,73,0.6,-6.9,-3.2,-10.5,3.4,1.2,0.0,1.54,15.8,43.6
2022-01-27,73,2.3,0.2,-2.2,-4.4,7.3,5.5,0.0,1.26,20.5,50.0
2022-01-28,73,1.7,-1.9,-1.9,-7.2,2.7,1.7,0.0,0.7,24.3,50.0
2022-01-29,75,1.1,-5.0,-4.7,-9.0,12.7,4.6,0.0,5.67,33.2,68.8
2022-01-30,73,2.9,-2.3,-2.2,-7.7,9.8,6.1,0.0,2.59,25.3,55.1
2022-01-31,73,-2.6,-4.9,-7.8,-9.2,3.6,1.3,0.0,1.61,21.6,42.5
2022-02-01,85,-2.6,-6.5,-7.0,-10.2,2.4,0.4,0.5,1.19,12.4,31.7
2022-02-02,45,-1.3,-7.0,-4.8,-10.9,0.0,0.0,0.0,0.0,7.5,18.0
2022-02-03,71,-2.2,-8.2,-6.1,-12.2,0.6,0.3,0.0,0.21,9.7,22.0
2022-02-04,73,-1.7,-8.5,-7.0,-12.7,3.4,1.1,0.0,1.61,20.0,51.5
2022-02-05,73,1.3,-1.4,-3.0,-6.6,8.3,4.5,0.0,2.66,19.5,51.1
2022-02-06,73,1.5,0.3,-2.7,-5.0,7.2,4.0,0.0,2.24,22.9,51.1
2022-02-07,75,0.8,-0.6,-3.2,-5.2,19.1,9.0,0.0,7.07,20.9,46.1
2022-02-08,73,2.9,-1.5,-1.8,-5.9,3.7,2.3,0.1,0.91,23.2,49.7
2022-02-09,51,3.6,-2.2,-1.1,-6.0,0.4,0.3,0.1,0.0,21.3,47.9
2022-02-10,51,3.2,-0.9,-2.0,-4.8,0.1,0.0,0.1,0.0,20.9,45.4
2022-02-11,51,3.2,-2.2,-1.5,-6.5,0.6,0.0,0.6,0.0,16.2,36.4
2022-02-12,3,2.9,-4.1,-2.2,-8.5,0.0,0.0,0.0,0.0,21.3,52.2
2022-02-13,3,1.5,-2.4,-4.2,-7.8,0.0,0.0,0.0,0.0,21.4,55.4
2022-02-14,3,3.1,-1.5,-2.0,-6.4,0.0,0.0,0.0,0.0,19.4,53.3
2022-02-15,53,3.3,-0.6,-1.7,-5.3,1.0,1.0,0.0,0.0,19.8,54.0
2022-02-16,71,4.6,-0.1,-0.4,-4.0,10.6,10.2,0.3,0.07,29.6,64.8
2022-02-17,80,6.1,0.9,1.2,-5.5,15.5,14.5,0.2,0.56,30.3,68.8
2022-02-18,85,3.9,-0.2,-0.7,-4.8,1.6,0.2,1.0,0.49,19.0,43.2
2022-02-19,75,3.0,-0.9,-2.7,-6.5,12.4,6.7,0.1,3.92,32.2,68.4
2022-02-20,85,3.0,-1.5,-2.3,-5.7,1.9,0.2,1.1,0.63,23.2,46.1
2022-02-21,73,5.5,-1.1,1.0,-5.4,11.0,8.1,0.0,2.03,28.9,66.6
2022-02-22,85,2.0,-2.0,-3.6,-7.2,8.2,3.9,0.2,2.87,27.8,64.4
2022-02-23,3,1.3,-2.8,-2.2,-6.6,0.0,0.0,0.0,0.0,10.6,27.7
2022-02-24,3,4.9,-3.7,-0.5,-7.6,0.0,0.0,0.0,0.0,23.4,59.0
2022-02-25,85,4.3,0.9,-1.4,-4.6,1.3,0.5,0.5,0.28,28.5,59.8
2022-02-26,3,2.9,-2.8,-1.9,-6.4,0.0,0.0,0.0,0.0,17.1,35.6
2022-02-27,3,2.4,-3.2,-1.1,-6.6,0.0,0.0,0.0,0.0,6.3,13.3
2022-02-28,0,4.6,-2.2,0.2,-6.2,0.0,0.0,0.0,0.0,10.3,19.8
2022-03-01,0,5.2,-2.1,1.4,-6.0,0.0,0.0,0.0,0.0,6.6,12.2
2022-03-02,3,4.3,-5.2,0.1,-8.7,0.0,0.0,0.0,0.0,9.8,15.8
2022-03-03,3,4.2,-4.4,0.5,-7.5,0.0,0.0,0.0,0.0,11.0,29.2
2022-03-04,3,1.0,-5.0,-4.0,-9.1,0.0,0.0,0.0,0.0,14.9,30.2
2022-03-05,0,1.0,-4.9,-3.3,-8.8,0.0,0.0,0.0,0.0,8.2,19.8
2022-03-06,3,2.8,-3.5,-1.4,-7.9,0.0,0.0,0.0,0.0,14.1,35.6
2022-03-07,73,1.4,-1.6,-3.0,-5.7,2.2,0.7,0.0,1.05,15.5,40.3
2022-03-08,73,0.6,-4.1,-3.2,-8.1,4.5,1.4,0.0,2.17,10.4,21.2
2022-03-09,71,0.6,-6.1,-4.1,-10.8,0.5,0.2,0.0,0.21,11.9,30.2
2022-03-10,1,0.3,-8.2,-4.0,-12.7,0.0,0.0,0.0,0.0,10.2,28.1
2022-03-11,3,3.2,-8.1,-1.5,-12.2,0.0,0.0,0.0,0.0,11.5,33.8
2022-03-12,3,4.9,-3.3,0.6,-6.9,0.0,0.0,0.0,0.0,13.0,35.6
2022-03-13,3,6.9,-1.5,3.5,-4.9,0.0,0.0,0.0,0.0,7.6,11.2
2022-03-14,3,7.9,-0.7,4.3,-4.4,0.0,0.0,0.0,0.0,6.6,12.2
2022-03-15,3,8.7,-0.2,5.1,-3.8,0.0,0.0,0.0,0.0,8.9,23.4
2022-03-16,2,8.0,-0.7,4.2,-4.5,0.0,0.0,0.0,0.0,11.6,26.6
2022-03-17,0,6.7,-1.7,1.8,-5.6,0.0,0.0,0.0,0.0,11.9,33.8
2022-03-18,3,7.1,-1.2,2.1,-5.5,0.0,0.0,0.0,0.0,16.3,31.7
2022-03-19,3,7.1,-0.3,4.1,-3.1,0.0,0.0,0.0,0.0,6.9,11.5
2022-03-20,0,9.0,0.0,4.6,-3.2,0.0,0.0,0.0,0.0,11.7,19.8
2022-03-21,0,10.7,0.2,6.9,-3.1,0.0,0.0,0.0,0.0,10.1,14.4
2022-03-22,0,12.3,0.6,8.8,-2.5,0.0,0.0,0.0,0.0,8.6,14.0
2022-03-23,71,8.9,0.6,4.2,-3.2,0.1,0.0,0.0,0.07,19.9,38.5
2022-03-24,3,9.8,-0.7,6.3,-3.9,0.0,0.0,0.0,0.0,11.8,22.3
2022-03-25,3,14.0,1.4,10.3,-2.2,0.0,0.0,0.0,0.0,18.1,56.2
2022-03-26,51,7.7,-1.9,2.5,-8.5,0.9,0.1,0.8,0.0,37.6,70.9
2022-03-27,3,1.8,-2.2,-2.9,-8.5,0.0,0.0,0.0,0.0,22.3,52.9
2022-03-28,51,10.8,1.5,5.6,-3.7,0.9,0.3,0.6,0.0,25.1,57.2
2022-03-29,85,1.6,-3.9,-3.7,-7.8,1.3,0.0,1.0,0.63,21.6,43.2
2022-03-30,51,0.9,-4.2,-4.4,-8.4,0.3,0.0,0.3,0.0,13.3,21.2
2022-03-31,3,2.9,-5.1,-1.5,-9.3,0.0,0.0,0.0,0.0,10.9,15.8
2022-04-01,3,3.6,-4.1,-1.9,-8.2,0.0,0.0,0.0,0.0,15.8,40.3
2022-04-02,3,4.1,-4.4,-1.8,-8.7,0.0,0.0,0.0,0.0,19.7,41.4
2022-04-03,3,5.0,-5.3,0.4,-9.5,0.0,0.0,0.0,0.0,12.4,29.5
2022-04-04,73,3.9,-2.8,-1.7,-6.8,3.9,2.9,0.1,0.63,31.9,73.4
2022-04-05,85,3.7,-2.4,-2.0,-7.1,5.9,2.0,2.9,1.26,31.9,68.8
2022-04-06,75,5.9,-2.4,0.3,-7.5,5.1,1.9,0.2,2.1,21.8,49.7
2022-04-07,53,10.0,5.3,7.3,1.3,4.0,3.1,0.9,0.0,24.6,60.5
2022-04-08,81,9.5,2.3,5.1,-3.1,9.0,7.5,1.5,0.0,30.3,65.5
2022-04-09,85,7.9,0.8,2.3,-4.0,1.4,0.1,1.3,0.21,23.7,46.4
2022-04-10,51,7.8,0.4,2.2,-3.9,0.9,0.0,0.9,0.0,22.8,46.8
2022-04-11,53,9.7,-0.9,6.4,-4.5,2.1,0.0,2.1,0.0,11.4,32.0
2022-04-12,2,10.1,-0.4,7.1,-3.5,0.0,0.0,0.0,0.0,11.5,16.9
2022-04-13,3,11.2,0.2,7.7,-3.0,0.0,0.0,0.0,0.0,10.1,19.4
2022-04-14,51,12.8,3.9,9.1,0.9,0.4,0.4,0.0,0.0,16.2,26.3
2022-04-15,61,6.6,1.6,4.9,-3.3,4.4,4.3,0.1,0.0,19.1,39.2
2022-04-16,3,8.7,-1.1,4.1,-5.0,0.0,0.0,0.0,0.0,17.7,34.6
2022-04-17,3,9.2,-1.0,5.7,-4.6,0.0,0.0,0.0,0.0,11.8,17.3
2022-04-18,3,11.6,-0.1,7.9,-3.6,0.0,0.0,0.0,0.0,15.1,36.7
2022-04-19,3,14.6,2.3,10.6,-1.3,0.0,0.0,0.0,0.0,17.0,43.9
2022-04-20,3,17.2,5.4,12.8,1.7,0.0,0.0,0.0,0.0,22.1,46.1
2022-04-21,3,17.3,6.7,12.9,3.2,0.0,0.0,0.0,0.0,21.3,44.6
2022-04-22,3,15.9,5.0,13.4,2.4,0.0,0.0,0.0,0.0,10.2,26.3
2022-04-23,51,15.9,5.9,11.4,2.8,0.1,0.1,0.0,0.0,17.1,43.2
2022-04-24,55,9.2,6.5,5.8,2.5,8.8,8.7,0.1,0.0,20.2,41.8
2022-04-25,51,12.1,3.2,9.9,0.4,0.2,0.1,0.1,0.0,12.3,23.4
2022-04-26,3,11.8,0.7,8.0,-2.8,0.0,0.0,0.0,0.0,18.6,34.6
2022-04-27,51,7.7,-1.6,2.2,-5.2,0.1,0.0,0.1,0.0,20.5,33.5
2022-04-28,71,8.8,-1.7,5.5,-5.1,0.3,0.2,0.0,0.07,12.6,31.0
2022-04-29,3,8.8,0.2,4.6,-3.2,0.0,0.0,0.0,0.0,17.0,29.2
2022-04-30,3,9.6,-1.4,5.6,-5.0,0.0,0.0,0.0,0.0,14.8,25.9
2022-05-01,51,10.2,0.3,7.6,-3.3,0.3,0.3,0.0,0.0,12.0,14.8
2022-05-02,3,13.9,2.2,10.5,-0.6,0.0,0.0,0.0,0.0,15.9,51.8
2022-05-03,3,10.6,1.6,6.3,-3.2,0.0,0.0,0.0,0.0,24.1,51.8
2022-05-04,3,10.8,-0.9,6.9,-4.6,0.0,0.0,0.0,0.0,16.8,27.0
2022-05-05,51,14.5,1.5,10.3,-2.3,0.8,0.7,0.1,0.0,17.9,36.0
2022-05-06,51,17.7,6.4,15.4,4.3,0.6,0.1,0.5,0.0,14.9,30.2
2022-05-07,80,17.5,4.8,15.6,2.5,4.1,1.9,2.2,0.0,16.4,32.8
2022-05-08,3,12.2,0.2,7.8,-3.3,0.0,0.0,0.0,0.0,21.0,35.3
2022-05-09,3,11.9,-0.9,8.0,-4.2,0.0,0.0,0.0,0.0,17.4,25.2
2022-05-10,3,16.6,1.4,13.4,-2.4,0.0,0.0,0.0,0.0,13.5,32.0
2022-05-11,51,18.6,8.2,15.6,4.8,0.2,0.0,0.2,0.0,18.2,47.9
2022-05-12,51,15.1,7.5,11.5,3.5,0.9,0.2,0.7,0.0,23.1,48.6
2022-05-13,3,16.1,4.3,12.1,1.6,0.0,0.0,0.0,0.0,20.5,48.6
2022-05-14,80,11.9,3.5,9.4,0.8,5.4,3.2,2.2,0.0,13.6,35.3
2022-05-15,51,14.6,5.0,10.7,1.3,0.1,0.0,0.1,0.0,23.5,41.8
2022-05-16,3,12.5,4.2,7.8,0.2,0.0,0.0,0.0,0.0,23.0,39.2
2022-05-17,51,10.6,3.9,5.6,-0.2,0.6,0.0,0.6,0.0,26.6,38.9
2022-05-18,3,13.2,3.3,9.3,-0.1,0.0,0.0,0.0,0.0,18.9,34.6
2022-05-19,51,17.2,3.4,15.8,-0.1,0.3,0.0,0.3,0.0,16.2,29.9
2022-05-20,55,16.2,10.7,16.9,10.3,7.1,3.1,4.0,0.0,12.4,27.7
2022-05-21,53,10.3,8.8,9.4,6.8,1.7,1.7,0.0,0.0,15.9,34.6
2022-05-22,3,17.2,6.4,15.0,3.4,0.0,0.0,0.0,0.0,12.9,36.4
2022-05-23,3,18.9,5.1,17.9,1.9,0.0,0.0,0.0,0.0,8.6,11.5
2022-05-24,0,21.3,6.7,19.7,4.2,0.0,0.0,0.0,0.0,11.7,18.0
2022-05-25,63,19.5,8.7,18.1,6.2,10.0,8.6,1.4,0.0,16.1,38.5
2022-05-26,61,16.9,7.4,15.2,4.4,8.8,4.1,4.7,0.0,17.3,46.4
2022-05-27,51,15.8,5.8,11.9,3.1,0.7,0.0,0.7,0.0,22.1,46.4
2022-05-28,53,15.4,4.5,12.6,1.9,3.7,0.0,3.7,0.0,15.7,33.1
2022-05-29,53,14.7,3.5,12.5,0.8,3.0,0.0,3.0,0.0,13.3,20.5
2022-05-30,80,16.9,6.9,14.7,5.2,15.7,12.7,3.0,0.0,21.3,47.5
2022-05-31,53,14.5,7.2,11.4,5.1,5.3,1.8,3.5,0.0,20.7,46.1
2022-06-01,80,19.8,6.9,17.0,4.8,12.8,10.7,2.1,0.0,18.9,47.9
2022-06-02,51,16.0,7.9,13.1,5.3,2.6,0.1,2.5,0.0,22.6,41.0
2022-06-03,53,16.6,7.3,14.1,4.7,1.3,0.0,1.3,0.0,16.3,37.8
2022-06-04,3,19.9,6.7,18.6,4.7,0.0,0.0,0.0,0.0,15.8,28.4
2022-06-05,3,20.8,8.0,19.5,6.5,0.0,0.0,0.0,0.0,12.4,19.1
2022-06-06,3,22.8,9.1,22.9,7.7,0.0,0.0,0.0,0.0,8.7,16.6
2022-06-07,51,22.1,12.3,22.7,11.0,1.2,0.0,1.2,0.0,15.6,27.7
2022-06-08,53,19.1,11.1,19.0,10.8,2.9,2.6,0.3,0.0,9.7,17.6
2022-06-09,3,25.5,10.6,27.1,10.3,0.0,0.0,0.0,0.0,10.0,16.6
2022-06-10,81,23.6,14.0,24.6,14.2,6.9,0.3,6.6,0.0,17.8,40.0
2022-06-11,51,22.6,11.0,21.8,10.6,0.6,0.1,0.5,0.0,12.8,22.7
2022-06-12,53,22.9,9.7,22.0,8.5,2.4,0.0,2.4,0.0,15.5,25.2
2022-06-13,53,20.6,8.5,18.9,6.9,2.1,0.3,1.8,0.0,16.6,29.5
2022-06-14,81,12.7,10.0,11.8,7.6,34.8,32.9,2.0,0.0,17.9,45.4
2022-06-15,3,19.1,9.5,15.6,7.4,0.0,0.0,0.0,0.0,26.6,47.5
2022-06-16,51,20.9,11.0,19.2,9.4,0.3,0.0,0.3,0.0,14.8,27.0
2022-06-17,3,20.5,10.3,18.5,9.3,0.0,0.0,0.0,0.0,15.8,27.0
2022-06-18,51,19.2,10.0,17.1,8.8,0.5,0.2,0.3,0.0,20.8,48.6
2022-06-19,55,15.9,9.2,13.4,7.8,5.0,5.0,0.0,0.0,16.6,36.0
2022-06-20,3,20.8,6.9,21.1,5.5,0.0,0.0,0.0,0.0,9.2,20.9
2022-06-21,3,21.9,8.7,18.5,6.4,0.0,0.0,0.0,0.0,15.8,35.6
2022-06-22,3,22.6,8.5,21.9,6.6,0.0,0.0,0.0,0.0,15.0,23.4
2022-06-23,3,24.5,9.8,24.4,8.7,0.0,0.0,0.0,0.0,13.8,17.3
2022-06-24,2,26.3,12.3,26.8,12.2,0.0,0.0,0.0,0.0,9.2,11.9
2022-06-25,2,29.2,14.8,30.6,14.9,0.0,0.0,0.0,0.0,8.5,11.2
2022-06-26,1,31.0,17.4,32.2,18.5,0.0,0.0,0.0,0.0,13.5,19.4
2022-06-27,3,31.1,18.1,32.9,19.3,0.0,0.0,0.0,0.0,11.3,14.4
2022-06-28,55,31.1,17.2,32.9,18.5,1.8,0.0,1.8,0.0,21.2,42.1
2022-06-29,51,30.3,16.8,32.3,17.9,0.6,0.0,0.6,0.0,11.1,19.1
2022-06-30,3,28.4,17.4,28.9,18.5,0.0,0.0,0.0,0.0,13.8,32.8
2022-07-01,51,30.7,18.4,32.0,18.1,0.2,0.0,0.2,0.0,15.0,40.3
2022-07-02,80,30.2,16.2,30.5,16.9,5.0,0.0,5.0,0.0,17.7,30.6
2022-07-03,3,24.6,13.2,24.3,12.7,0.0,0.0,0.0,0.0,13.4,28.4
2022-07-04,51,26.6,12.7,28.5,12.5,0.5,0.0,0.5,0.0,12.5,19.8
2022-07-05,3,24.4,11.7,23.1,10.7,0.0,0.0,0.0,0.0,17.2,27.4
2022-07-06,51,20.3,10.4,18.6,9.3,0.7,0.0,0.7,0.0,11.0,22.7
2022-07-07,51,22.1,9.0,20.3,7.6,0.1,0.0,0.1,0.0,16.7,19.8
2022-07-08,53,19.9,10.0,18.7,8.7,2.1,0.4,1.7,0.0,16.0,22.7
2022-07-09,80,22.0,10.8,21.0,10.1,3.5,0.1,3.4,0.0,15.3,24.5
2022-07-10,51,22.4,9.8,22.4,8.9,1.3,0.0,1.3,0.0,8.4,15.5
2022-07-11,3,23.8,9.7,23.6,9.2,0.0,0.0,0.0,0.0,13.9,38.5
2022-07-12,81,19.0,12.7,19.8,10.9,24.0,18.9,5.1,0.0,23.7,55.1
2022-07-13,3,23.2,12.3,23.0,11.7,0.0,0.0,0.0,0.0,11.2,26.6
2022-07-14,80,22.6,10.0,20.7,8.7,3.6,0.0,3.6,0.0,18.8,28.8
2022-07-15,55,18.5,8.6,16.1,6.6,8.5,0.0,8.5,0.0,18.0,38.9
2022-07-16,55,19.8,7.7,17.9,5.9,3.1,0.0,3.1,0.0,19.7,38.2
2022-07-17,53,17.6,8.9,16.4,7.4,2.7,0.0,2.7,0.0,14.5,23.0
2022-07-18,55,20.7,8.8,19.8,7.2,2.2,0.5,1.7,0.0,17.1,24.8
2022-07-19,55,22.0,10.9,22.4,9.8,3.5,0.0,3.5,0.0,13.7,34.2
2022-07-20,3,20.9,12.4,18.2,10.8,0.0,0.0,0.0,0.0,22.4,40.3
2022-07-21,3,27.1,13.6,26.8,13.6,0.0,0.0,0.0,0.0,14.8,21.2
2022-07-22,0,30.2,15.3,31.5,15.4,0.0,0.0,0.0,0.0,10.1,20.5
2022-07-23,51,25.7,15.8,25.1,15.7,0.1,0.0,0.1,0.0,16.8,27.0
2022-07-24,53,21.6,13.8,20.8,12.5,1.5,0.0,1.5,0.0,17.1,34.9
2022-07-25,3,25.0,12.2,24.7,11.2,0.0,0.0,0.0,0.0,11.9,32.0
2022-07-26,55,25.9,14.6,25.0,14.6,4.6,0.0,4.6,0.0,19.8,37.4
2022-07-27,51,22.3,12.8,21.0,11.7,0.2,0.0,0.2,0.0,19.8,29.2
2022-07-28,53,18.1,9.6,18.0,8.3,3.3,0.1,3.2,0.0,15.3,28.4
2022-07-29,3,19.6,9.8,17.2,8.3,0.0,0.0,0.0,0.0,17.1,22.0
2022-07-30,51,21.6,9.1,20.3,7.3,0.2,0.0,0.2,0.0,13.5,12.2
2022-07-31,63,22.4,10.3,20.3,9.7,4.3,4.3,0.0,0.0,16.7,42.8
2022-08-01,63,16.8,13.8,18.1,12.1,56.7,56.4,0.3,0.0,18.9,46.1
2022-08-02,3,24.1,13.0,24.2,12.7,0.0,0.0,0.0,0.0,9.7,26.6
2022-08-03,3,24.0,12.9,22.1,12.8,0.0,0.0,0.0,0.0,9.4,17.6
2022-08-04,3,26.9,13.0,26.6,12.2,0.0,0.0,0.0,0.0,12.0,19.1
2022-08-05,3,28.0,13.7,28.7,12.7,0.0,0.0,0.0,0.0,15.9,32.8
2022-08-06,51,21.4,10.4,22.6,8.5,1.1,0.1,1.0,0.0,14.4,42.8
2022-08-07,3,22.8,9.5,21.6,7.9,0.0,0.0,0.0,0.0,11.2,21.6
2022-08-08,53,20.4,11.6,19.2,10.5,1.2,0.0,1.2,0.0,9.0,14.8
2022-08-09,53,21.1,10.6,22.6,10.3,2.2,0.0,2.2,0.0,15.6,24.8
2022-08-10,3,24.3,12.4,24.8,11.3,0.0,0.0,0.0,0.0,12.8,20.9
2022-08-11,3,25.4,11.6,24.3,10.3,0.0,0.0,0.0,0.0,9.8,17.6
2022-08-12,3,27.1,12.5,26.9,12.0,0.0,0.0,0.0,0.0,6.9,11.5
2022-08-13,3,27.5,14.0,28.2,14.0,0.0,0.0,0.0,0.0,8.8,16.2
2022-08-14,3,28.2,15.0,28.2,14.3,0.0,0.0,0.0,0.0,10.0,29.2
2022-08-15,3,29.8,17.8,29.3,18.1,0.0,0.0,0.0,0.0,17.1,41.4
2022-08-16,3,32.0,18.0,31.4,18.3,0.0,0.0,0.0,0.0,21.4,42.1
2022-08-17,3,28.4,17.9,28.9,18.2,0.0,0.0,0.0,0.0,12.4,26.6
2022-08-18,3,30.3,17.5,30.2,17.7,0.0,0.0,0.0,0.0,13.0,27.7
2022-08-19,3,31.2,18.8,30.2,18.2,0.0,0.0,0.0,0.0,17.4,48.6
2022-08-20,51,25.1,16.0,23.9,15.7,0.3,0.0,0.3,0.0,20.9,42.1
2022-08-21,3,25.9,15.3,25.2,15.3,0.0,0.0,0.0,0.0,16.1,29.9
2022-08-22,80,23.8,16.8,26.1,18.0,6.7,1.6,5.1,0.0,9.0,18.7
2022-08-23,3,29.8,15.3,30.1,15.5,0.0,0.0,0.0,0.0,10.7,24.1
2022-08-24,55,30.0,16.3,29.0,15.8,1.4,0.0,1.4,0.0,13.7,19.4
2022-08-25,81,27.3,16.7,30.0,17.8,10.9,3.8,7.1,0.0,9.0,22.3
2022-08-26,1,25.6,15.6,27.1,16.5,0.0,0.0,0.0,0.0,10.4,18.7
2022-08-27,0,30.5,15.5,29.6,16.0,0.0,0.0,0.0,0.0,13.0,21.2
2022-08-28,2,30.3,15.9,29.2,15.3,0.0,0.0,0.0,0.0,12.3,21.6
2022-08-29,81,28.4,16.0,29.2,15.8,11.7,7.1,4.6,0.0,14.8,34.9
2022-08-30,80,16.5,9.2,17.5,7.8,7.9,0.8,7.1,0.0,17.2,38.5
2022-08-31,3,15.3,7.9,11.8,5.7,0.0,0.0,0.0,0.0,19.8,37.1
2022-09-01,51,15.2,6.0,11.0,3.6,0.1,0.0,0.1,0.0,19.8,29.5
2022-09-02,53,13.7,5.4,12.3,3.0,3.9,0.2,3.7,0.0,10.5,22.3
2022-09-03,51,15.3,5.3,12.6,3.5,0.5,0.0,0.5,0.0,12.1,21.2
2022-09-04,51,15.8,4.8,12.4,2.9,0.5,0.0,0.5,0.0,17.2,29.2
2022-09-05,3,14.6,5.2,11.1,3.0,0.0,0.0,0.0,0.0,15.0,24.8
2022-09-06,3,14.6,3.6,11.7,1.4,0.0,0.0,0.0,0.0,12.7,28.8
2022-09-07,51,15.7,6.4,12.9,3.6,0.1,0.0,0.1,0.0,14.9,43.2
2022-09-08,3,15.4,4.7,12.9,1.5,0.0,0.0,0.0,0.0,11.9,39.2
2022-09-09,3,16.1,3.9,12.0,0.2,0.0,0.0,0.0,0.0,17.5,43.2
2022-09-10,3,17.2,4.6,13.5,0.9,0.0,0.0,0.0,0.0,15.8,37.8
2022-09-11,53,15.1,5.7,10.8,2.4,4.8,4.8,0.0,0.0,19.7,45.0
2022-09-12,3,11.3,7.8,9.3,6.4,0.0,0.0,0.0,0.0,10.1,23.8
2022-09-13,3,14.8,7.7,12.4,6.2,0.0,0.0,0.0,0.0,13.3,36.0
2022-09-14,53,15.7,9.5,14.9,6.9,2.9,1.0,1.9,0.0,16.3,40.3
2022-09-15,80,15.6,9.2,13.5,6.5,5.5,0.9,4.7,0.0,20.1,45.4
2022-09-16,53,14.3,8.3,11.5,5.6,5.5,0.0,5.5,0.0,19.1,44.3
2022-09-17,53,14.5,8.0,12.2,6.1,5.8,0.0,5.9,0.0,18.0,40.7
2022-09-18,51,16.4,6.7,14.8,4.6,0.7,0.0,0.7,0.0,10.0,27.4
2022-09-19,51,14.2,6.9,11.5,5.1,1.3,0.0,1.3,0.0,17.1,32.0
2022-09-20,53,14.7,7.4,13.0,5.6,2.1,0.0,2.1,0.0,10.2,20.9
2022-09-21,51,15.3,6.4,12.5,4.2,0.5,0.0,0.5,0.0,11.2,30.2
2022-09-22,51,13.6,5.5,10.6,3.2,0.2,0.0,0.2,0.0,11.6,23.8
2022-09-23,3,13.6,5.8,11.0,3.8,0.0,0.0,0.0,0.0,8.1,18.4
2022-09-24,3,14.5,4.5,12.1,2.5,0.0,0.0,0.0,0.0,12.0,19.8
2022-09-25,3,14.4,5.3,10.8,3.2,0.0,0.0,0.0,0.0,14.3,19.1
2022-09-26,3,15.4,7.4,12.9,5.1,0.0,0.0,0.0,0.0,12.2,37.1
2022-09-27,3,16.0,6.9,13.0,4.1,0.0,0.0,0.0,0.0,15.5,39.6
2022-09-28,3,13.6,5.8,9.6,2.8,0.0,0.0,0.0,0.0,18.3,41.8
2022-09-29,53,9.1,5.5,7.9,2.7,1.7,1.6,0.1,0.0,10.4,38.2
2022-09-30,3,13.4,7.5,10.4,5.3,0.0,0.0,0.0,0.0,12.8,33.5
2022-10-01,53,9.3,5.5,7.4,3.3,1.2,1.2,0.0,0.0,10.2,25.6
2022-10-02,3,13.3,5.2,10.6,2.8,0.0,0.0,0.0,0.0,12.2,29.2
2022-10-03,55,10.5,5.1,5.5,2.5,3.3,3.3,0.0,0.0,27.5,62.6
2022-10-04,80,10.6,5.7,6.7,2.9,11.2,11.0,0.2,0.0,22.7,51.8
2022-10-05,51,13.7,7.2,11.7,5.1,0.4,0.4,0.0,0.0,15.0,42.1
2022-10-06,51,16.2,8.6,12.4,5.8,0.6,0.0,0.6,0.0,25.4,53.3
2022-10-07,51,15.7,8.1,12.6,4.9,0.4,0.1,0.3,0.0,20.0,48.2
2022-10-08,3,15.6,7.6,12.6,4.2,0.0,0.0,0.0,0.0,18.1,49.0
2022-10-09,3,13.5,4.9,9.6,2.4,0.0,0.0,0.0,0.0,17.0,35.3
2022-10-10,3,13.2,4.5,9.7,2.0,0.0,0.0,0.0,0.0,16.3,52.6
2022-10-11,3,14.6,5.5,11.1,2.0,0.0,0.0,0.0,0.0,20.1,55.4
2022-10-12,3,12.2,4.2,8.7,1.5,0.0,0.0,0.0,0.0,11.8,24.8
2022-10-13,3,11.2,3.3,8.8,0.7,0.0,0.0,0.0,0.0,10.9,29.9
2022-10-14,3,12.3,5.9,8.6,3.1,0.0,0.0,0.0,0.0,17.6,40.0
2022-10-15,51,12.5,8.3,9.9,5.6,0.1,0.1,0.0,0.0,15.6,42.1
2022-10-16,55,14.6,9.5,12.3,6.8,4.1,1.9,2.2,0.0,19.2,50.0
2022-10-17,63,14.6,8.6,11.1,5.9,3.7,3.7,0.0,0.0,18.0,49.3
2022-10-18,63,14.4,8.1,12.5,6.3,12.2,11.6,0.6,0.0,21.9,52.2
2022-10-19,51,9.0,2.3,6.1,-0.7,0.7,0.2,0.5,0.0,19.1,40.0
2022-10-20,3,9.5,2.8,6.2,-0.1,0.0,0.0,0.0,0.0,13.2,29.2
2022-10-21,3,8.8,4.1,5.8,1.3,0.0,0.0,0.0,0.0,9.7,25.9
2022-10-22,3,9.8,3.4,6.3,-0.2,0.0,0.0,0.0,0.0,11.8,32.8
2022-10-23,51,9.9,5.3,7.8,3.0,0.9,0.9,0.0,0.0,14.3,31.3
2022-10-24,51,9.0,5.1,7.0,2.9,0.1,0.1,0.0,0.0,11.1,28.8
2022-10-25,51,11.5,8.0,10.6,5.6,0.9,0.3,0.6,0.0,13.0,42.5
2022-10-26,53,12.4,9.5,10.2,8.0,2.9,1.2,1.7,0.0,14.5,36.4
2022-10-27,51,13.0,9.5,10.9,8.1,0.1,0.1,0.0,0.0,13.2,36.7
2022-10-28,51,12.1,9.5,10.8,7.8,0.6,0.6,0.0,0.0,16.4,47.2
2022-10-29,51,15.3,10.1,13.4,6.5,0.7,0.5,0.2,0.0,20.5,46.1
2022-10-30,51,10.3,3.3,7.0,0.2,0.2,0.1,0.1,0.0,20.2,41.4
2022-10-31,3,9.8,3.3,7.3,0.2,0.0,0.0,0.0,0.0,7.4,22.3
2022-11-01,3,11.3,6.9,10.1,3.9,0.0,0.0,0.0,0.0,7.4,19.4
2022-11-02,61,9.2,7.6,7.0,6.1,9.8,9.8,0.0,0.0,8.8,16.9
2022-11-03,3,10.4,5.9,9.0,3.9,0.0,0.0,0.0,0.0,7.6,12.2
2022-11-04,51,8.9,2.6,6.7,-1.3,0.1,0.0,0.1,0.0,12.9,33.8
2022-11-05,55,5.4,1.2,1.2,-3.3,3.6,3.6,0.0,0.0,19.7,48.6
2022-11-06,55,8.2,4.7,5.6,1.3,2.8,2.8,0.0,0.0,13.6,40.7
2022-11-07,3,7.2,3.8,3.9,0.2,0.0,0.0,0.0,0.0,16.2,44.3
2022-11-08,55,10.5,6.8,8.7,3.2,2.5,1.8,0.7,0.0,19.1,47.9
2022-11-09,3,10.7,7.8,7.8,5.1,0.0,0.0,0.0,0.0,16.3,43.2
2022-11-10,51,10.1,6.5,8.2,4.4,1.0,0.1,0.9,0.0,12.4,33.1
2022-11-11,51,12.2,6.4,9.7,3.8,0.3,0.3,0.0,0.0,21.2,48.2
2022-11-12,3,13.5,8.9,10.4,6.6,0.0,0.0,0.0,0.0,21.5,55.8
2022-11-13,3,9.7,3.8,6.9,1.8,0.0,0.0,0.0,0.0,12.8,42.1
2022-11-14,3,5.9,0.5,3.0,-2.7,0.0,0.0,0.0,0.0,8.3,20.2
2022-11-15,51,6.2,1.2,4.4,-2.9,0.9,0.9,0.0,0.0,16.2,38.9
2022-11-16,3,1.8,-0.9,-1.9,-4.0,0.0,0.0,0.0,0.0,11.5,28.1
2022-11-17,3,0.6,-1.6,-3.1,-5.1,0.0,0.0,0.0,0.0,14.4,35.6
2022-11-18,71,-0.6,-4.0,-4.9,-8.3,0.4,0.0,0.0,0.28,18.4,40.0
2022-11-19,73,-3.5,-5.3,-7.9,-9.5,3.3,0.0,0.0,2.31,9.4,24.5
2022-11-20,73,-3.8,-5.8,-8.1,-11.0,1.4,0.0,0.0,0.98,15.8,37.1
2022-11-21,73,-3.3,-5.1,-7.2,-10.3,1.7,0.0,0.0,1.19,15.8,38.9
2022-11-22,3,-2.7,-4.4,-6.1,-7.8,0.0,0.0,0.0,0.0,6.1,18.0
2022-11-23,3,-2.5,-4.2,-5.4,-7.3,0.0,0.0,0.0,0.0,7.2,17.3
2022-11-24,3,-1.3,-3.0,-4.6,-6.7,0.0,0.0,0.0,0.0,7.2,19.8
2022-11-25,73,0.2,-2.0,-3.4,-5.7,1.1,0.0,0.0,0.77,8.6,20.5
2022-11-26,73,-1.2,-3.0,-4.3,-6.3,5.9,0.0,0.0,4.13,6.5,16.2
2022-11-27,71,-1.4,-3.2,-4.9,-6.5,0.6,0.0,0.0,0.42,7.2,17.3
2022-11-28,3,-0.2,-2.9,-4.1,-6.1,0.0,0.0,0.0,0.0,13.0,29.9
2022-11-29,51,1.2,-0.2,-2.5,-3.9,0.2,0.2,0.0,0.0,10.8,27.0
2022-11-30,3,-0.4,-2.8,-3.9,-6.2,0.0,0.0,0.0,0.0,8.6,21.2
2022-12-01,3,-1.9,-6.9,-5.3,-11.4,0.0,0.0,0.0,0.0,8.6,20.9
2022-12-02,3,-5.1,-7.4,-8.8,-11.7,0.0,0.0,0.0,0.0,7.6,18.7
2022-12-03,73,-3.9,-7.3,-8.0,-11.4,0.7,0.0,0.0,0.49,9.0,20.9
2022-12-04,73,-1.0,-3.5,-4.8,-7.5,2.0,0.0,0.0,1.4,10.4,24.1
2022-12-05,71,-1.6,-4.9,-5.1,-9.3,0.8,0.0,0.0,0.56,11.5,27.4
2022-12-06,73,-2.2,-5.0,-6.2,-9.4,2.0,0.0,0.0,1.4,11.9,27.7
2022-12-07,73,-1.9,-2.8,-6.1,-7.7,9.4,0.0,0.0,6.58,15.1,34.9
2022-12-08,73,0.6,-1.6,-3.4,-5.5,4.4,1.2,0.0,2.24,19.1,44.3
2022-12-09,73,-1.4,-7.2,-4.1,-11.0,3.0,0.0,0.0,2.1,9.4,22.0
2022-12-10,3,-5.4,-9.3,-9.3,-13.7,0.0,0.0,0.0,0.0,8.6,20.2
2022-12-11,73,-4.4,-6.3,-8.8,-11.3,2.8,0.0,0.0,1.96,22.0,53.3
2022-12-12,73,-4.0,-5.7,-8.5,-10.6,6.4,0.0,0.0,4.48,19.8,51.8
2022-12-13,71,-3.2,-7.1,-7.7,-11.0,1.6,0.0,0.0,1.12,16.6,40.0
2022-12-14,3,-2.2,-8.4,-7.0,-13.6,0.0,0.0,0.0,0.0,18.4,43.2
2022-12-15,2,-3.3,-11.6,-7.3,-16.2,0.0,0.0,0.0,0.0,15.8,36.7
2022-12-16,3,-1.5,-8.4,-4.7,-12.0,0.0,0.0,0.0,0.0,6.5,19.8
2022-12-17,3,-5.4,-13.9,-9.3,-17.7,0.0,0.0,0.0,0.0,6.1,15.5
2022-12-18,3,-2.5,-13.6,-8.3,-17.9,0.0,0.0,0.0,0.0,20.5,46.4
2022-12-19,3,-1.9,-9.9,-7.4,-14.8,0.0,0.0,0.0,0.0,20.5,46.8
2022-12-20,73,0.9,-8.0,-2.6,-12.7,1.9,0.5,0.0,0.98,13.3,29.5
2022-12-21,61,1.5,0.9,-1.5,-2.6,10.7,10.7,0.0,0.0,11.5,27.0
2022-12-22,51,1.8,1.1,-1.5,-2.5,0.9,0.9,0.0,0.0,12.2,28.1
2022-12-23,51,2.5,0.2,-0.7,-3.3,3.3,3.3,0.0,0.0,13.0,34.9
2022-12-24,3,-0.2,-7.7,-3.5,-11.4,0.0,0.0,0.0,0.0,6.5,17.6
2022-12-25,3,-3.3,-7.0,-7.3,-10.7,0.0,0.0,0.0,0.0,11.5,26.3
2022-12-26,73,-4.2,-6.3,-9.7,-12.6,4.3,0.0,0.0,3.01,21.6,50.4
2022-12-27,73,2.0,-4.7,-1.3,-10.3,2.5,0.1,0.0,1.68,18.7,45.0
2022-12-28,53,1.5,-1.5,-1.7,-5.6,3.3,3.3,0.0,0.0,11.9,28.1
2022-12-29,51,3.0,0.4,0.0,-3.0,3.4,3.4,0.0,0.0,13.7,31.0
2022-12-30,63,4.2,2.7,1.4,-0.3,5.3,5.3,0.0,0.0,14.8,34.9
2022-12-31,61,5.8,1.6,3.3,-2.4,4.3,4.3,0.0,0.0,18.0,41.0
2023-01-01,61,7.4,2.3,6.6,-0.3,12.0,12.0,0.0,0.0,9.4,23.8
2023-01-02,61,8.1,0.4,5.0,-2.3,10.5,10.5,0.0,0.0,16.9,38.9
2023-01-03,53,8.4,0.8,4.9,-3.6,5.7,5.7,0.0,0.0,23.4,56.2
2023-01-04,75,1.1,-1.0,-2.3,-5.9,4.2,0.2,0.0,2.8,16.9,38.9
2023-01-05,75,-0.9,-12.4,-6.1,-17.4,5.1,0.0,0.0,3.57,19.4,45.4
2023-01-06,3,-10.4,-15.8,-15.0,-20.5,0.0,0.0,0.0,0.0,13.7,32.0
2023-01-07,3,-10.0,-14.9,-15.7,-20.8,0.0,0.0,0.0,0.0,17.3,41.4
2023-01-08,3,-4.3,-9.9,-9.8,-15.5,0.0,0.0,0.0,0.0,17.6,41.0
2023-01-09,73,-2.8,-4.4,-8.1,-10.0,0.6,0.0,0.0,0.42,19.4,44.3
2023-01-10,73,1.5,-4.2,-1.8,-9.9,3.2,0.6,0.0,1.82,19.1,44.6
2023-01-11,51,0.4,-0.2,-3.2,-5.4,0.6,0.6,0.0,0.0,21.6,48.6
2023-01-12,53,2.9,0.2,-2.1,-4.4,7.5,7.5,0.0,0.0,25.6,57.6
2023-01-13,55,4.6,3.1,1.4,-1.6,4.9,4.9,0.0,0.0,22.0,53.6
2023-01-14,51,5.1,3.7,1.8,-0.5,1.2,1.2,0.0,0.0,19.1,46.4
2023-01-15,61,4.8,1.1,0.4,-3.4,11.0,11.0,0.0,0.0,27.0,61.6
2023-01-16,51,3.8,1.8,-0.2,-1.8,0.2,0.2,0.0,0.0,19.4,45.7
2023-01-17,53,3.1,0.6,-0.4,-4.7,5.4,5.4,0.0,0.0,20.9,48.2
2023-01-18,61,3.1,0.4,0.0,-2.7,7.9,7.9,0.0,0.0,11.5,29.9
2023-01-19,61,1.4,-1.3,-1.8,-4.7,8.6,8.6,0.0,0.0,21.2,49.7
2023-01-20,3,1.5,-2.8,-1.6,-6.2,0.0,0.0,0.0,0.0,8.3,20.5
2023-01-21,3,0.2,-6.3,-4.4,-10.7,0.0,0.0,0.0,0.0,15.5,36.4
2023-01-22,3,-1.8,-5.0,-5.1,-9.3,0.0,0.0,0.0,0.0,11.2,27.7
2023-01-23,3,-0.4,-3.2,-3.9,-6.4,0.0,0.0,0.0,0.0,6.1,16.6
2023-01-24,3,-1.1,-3.6,-5.1,-8.0,0.0,0.0,0.0,0.0,12.2,29.2
2023-01-25,71,1.2,-0.9,-2.7,-4.6,0.3,0.0,0.0,0.21,15.1,34.9
2023-01-26,73,0.4,-0.6,-2.7,-4.3,2.0,0.2,0.0,1.26,14.0,34.2
2023-01-27,51,0.4,-2.1,-2.7,-5.2,0.1,0.1,0.0,0.0,10.8,26.6
2023-01-28,71,-2.0,-3.4,-5.1,-8.1,0.4,0.0,0.0,0.28,13.0,30.6
2023-01-29,71,1.5,-2.0,-2.6,-6.3,2.4,1.6,0.0,0.56,17.6,40.7
2023-01-30,53,2.3,0.5,-1.6,-5.4,6.9,6.9,0.0,0.0,25.6,58.7
2023-01-31,53,2.5,-1.5,-1.8,-5.3,4.3,4.3,0.0,0.0,19.4,45.7
2023-02-01,73,1.5,-0.1,-1.3,-4.4,4.6,3.5,0.0,0.77,14.0,32.4
2023-02-02,71,1.0,-3.9,-2.6,-7.9,1.2,0.9,0.0,0.21,15.1,35.6
2023-02-03,73,0.9,-5.2,-2.5,-8.5,1.2,0.0,0.0,0.84,11.5,27.7
2023-02-04,3,-1.9,-5.5,-6.6,-10.2,0.0,0.0,0.0,0.0,13.3,31.7
2023-02-05,3,-2.4,-6.4,-6.2,-10.2,0.0,0.0,0.0,0.0,9.7,27.4
2023-02-06,73,1.2,-3.8,-2.7,-7.9,1.2,0.4,0.0,0.56,14.0,33.8
2023-02-07,3,1.5,-2.7,-1.8,-6.5,0.0,0.0,0.0,0.0,12.2,28.1
2023-02-08,3,0.9,-0.8,-2.9,-5.0,0.0,0.0,0.0,0.0,15.8,36.4
2023-02-09,3,0.1,-2.0,-4.7,-6.8,0.0,0.0,0.0,0.0,20.2,46.8
2023-02-10,73,3.5,-2.5,-1.6,-6.3,1.8,1.1,0.0,0.49,22.0,52.9
2023-02-11,61,3.7,-4.2,-0.4,-7.8,6.2,6.2,0.0,0.0,24.1,55.8
2023-02-12,51,1.5,-5.4,-1.6,-9.0,0.1,0.1,0.0,0.0,11.2,28.1
2023-02-13,3,6.3,1.8,2.9,-1.6,0.0,0.0,0.0,0.0,14.4,33.5
2023-02-14,3,5.4,-1.2,1.9,-4.0,0.0,0.0,0.0,0.0,12.2,29.9
2023-02-15,3,1.6,-1.1,-0.9,-4.4,0.0,0.0,0.0,0.0,7.9,18.4
2023-02-16,51,1.5,0.1,-1.6,-3.3,0.2,0.2,0.0,0.0,8.6,19.8
2023-02-17,61,1.9,0.2,-1.5,-4.3,5.8,5.8,0.0,0.0,20.5,46.8
2023-02-18,55,3.9,0.9,0.2,-4.8,15.1,15.1,0.0,0.0,27.4,64.1
2023-02-19,73,1.5,-0.3,-4.2,-6.1,8.6,4.2,0.0,3.08,24.5,60.5
2023-02-20,73,1.1,-0.9,-3.0,-5.2,9.8,7.6,0.0,1.54,22.7,55.4
2023-02-21,71,0.9,-3.8,-2.3,-7.9,1.2,0.9,0.0,0.21,15.1,37.1
2023-02-22,3,-2.7,-11.2,-6.6,-15.4,0.0,0.0,0.0,0.0,7.2,18.7
2023-02-23,73,-2.0,-13.4,-6.1,-17.9,1.2,0.0,0.0,0.84,13.0,32.4
2023-02-24,75,1.9,-1.9,-0.8,-5.8,5.9,1.0,0.0,3.43,10.1,23.8
2023-02-25,73,3.0,-3.1,0.9,-8.6,6.4,5.1,0.0,0.91,17.6,40.7
2023-02-26,3,-2.5,-5.1,-7.6,-10.5,0.0,0.0,0.0,0.0,18.0,41.8
2023-02-27,2,0.4,-11.4,-3.3,-15.0,0.0,0.0,0.0,0.0,7.2,20.2
2023-02-28,3,5.8,-4.2,2.0,-8.1,0.0,0.0,0.0,0.0,16.9,40.3
2023-03-01,3,4.7,-1.1,0.3,-4.8,0.0,0.0,0.0,0.0,11.9,29.2
2023-03-02,3,5.3,-0.2,1.1,-3.9,0.0,0.0,0.0,0.0,17.3,41.4
2023-03-03,51,4.7,-0.7,0.5,-4.6,0.1,0.1,0.0,0.0,18.7,44.3
2023-03-04,75,1.0,-1.3,-3.4,-7.5,15.2,3.1,0.0,8.47,28.4,67.0
2023-03-05,73,1.2,-5.7,-2.5,-9.3,3.5,1.2,0.0,1.61,14.8,38.2
2023-03-06,73,0.9,-7.2,-3.5,-11.3,0.9,0.2,0.0,0.49,13.3,31.7
2023-03-07,73,1.9,-8.6,-3.0,-12.7,3.4,0.0,0.0,2.38,22.7,50.4
2023-03-08,75,0.6,-2.3,-4.9,-9.5,4.6,0.9,0.0,2.59,29.9,68.8
2023-03-09,75,-0.4,-13.5,-5.2,-17.5,2.9,0.0,0.0,2.03,14.0,50.4
2023-03-10,3,-0.8,-17.2,-6.4,-21.9,0.0,0.0,0.0,0.0,19.1,44.3
2023-03-11,73,-0.1,-3.3,-3.3,-8.9,6.2,0.0,0.0,4.34,18.0,45.7
2023-03-12,73,1.8,-4.7,-2.7,-9.4,1.3,0.0,0.0,0.91,19.1,45.4
2023-03-13,61,3.6,-8.1,-0.8,-12.4,7.8,7.8,0.0,0.0,23.8,54.4
2023-03-14,53,9.0,3.9,5.9,-0.5,1.6,1.6,0.0,0.0,20.5,45.4
2023-03-15,53,6.3,-2.3,4.2,-5.6,2.5,2.5,0.0,0.0,18.0,45.4
2023-03-16,85,4.3,-1.8,1.2,-5.0,0.5,0.0,0.1,0.0,8.0,16.9
2023-03-17,45,5.2,-2.5,1.1,-5.2,0.1,0.0,0.0,0.0,14.3,28.4
2023-03-18,61,8.8,1.5,3.0,-3.6,0.1,0.1,0.0,0.0,22.6,45.4
2023-03-19,3,10.1,3.8,7.7,0.3,0.0,0.0,0.0,0.0,12.3,27.0
2023-03-20,63,11.9,4.2,10.6,2.3,3.9,3.9,0.0,0.0,11.5,29.9
2023-03-21,53,5.7,1.9,2.9,-1.1,1.4,1.4,0.0,0.0,11.5,27.7
2023-03-22,53,7.8,1.5,5.0,-1.3,1.8,1.8,0.0,0.0,16.6,38.2
2023-03-23,61,11.1,7.3,9.6,4.6,7.6,7.6,0.0,0.0,16.9,38.5
2023-03-24,55,12.0,4.5,9.9,1.8,3.4,3.4,0.0,0.0,16.9,45.4
2023-03-25,61,13.4,4.2,10.7,0.4,2.4,2.4,0.0,0.0,15.5,37.8
2023-03-26,53,11.3,4.2,10.1,2.6,2.5,2.5,0.0,0.0,8.3,21.6
2023-03-27,3,5.3,-2.2,2.8,-6.0,0.0,0.0,0.0,0.0,14.0,33.5
2023-03-28,73,4.0,-3.3,-0.3,-7.1,0.6,0.0,0.0,0.42,15.5,37.1
2023-03-29,3,2.2,-3.8,-2.9,-7.0,0.0,0.0,0.0,0.0,16.2,41.0
2023-03-30,73,3.7,-2.7,1.6,-6.7,6.5,2.1,0.0,3.08,13.0,32.8
2023-03-31,53,5.1,1.6,2.8,-1.4,5.1,5.1,0.0,0.0,9.0,21.6
2023-04-01,3,4.0,1.1,0.6,-3.1,0.0,0.0,0.0,0.0,14.0,33.5
2023-04-02,3,5.2,-2.5,0.1,-6.9,0.0,0.0,0.0,0.0,18.4,46.8
2023-04-03,51,3.3,-3.3,-1.3,-7.8,0.1,0.1,0.0,0.0,14.8,38.2
2023-04-04,71,3.3,-1.4,-0.2,-5.1,1.8,1.2,0.0,0.42,9.4,26.3
2023-04-05,71,5.9,-0.7,2.9,-3.5,1.5,1.1,0.0,0.28,6.1,18.7
2023-04-06,53,7.7,0.6,4.5,-2.8,2.1,2.1,0.0,0.0,10.1,26.3
2023-04-07,3,16.9,1.0,15.2,-2.1,0.0,0.0,0.0,0.0,10.1,27.7
2023-04-08,3,16.7,3.8,15.5,1.4,0.0,0.0,0.0,0.0,7.2,19.1
2023-04-09,3,16.9,0.8,14.9,-2.2,0.0,0.0,0.0,0.0,9.4,23.8
2023-04-10,63,17.5,1.0,17.0,-1.4,5.2,5.2,0.0,0.0,10.4,25.9
2023-04-11,3,19.5,5.4,18.5,3.4,0.0,0.0,0.0,0.0,14.0,37.1
2023-04-12,3,17.7,6.0,16.2,3.9,0.0,0.0,0.0,0.0,10.8,29.2
2023-04-13,3,16.1,8.2,14.7,7.0,0.0,0.0,0.0,0.0,17.3,47.5
2023-04-14,51,14.9,8.6,12.4,5.8,0.3,0.3,0.0,0.0,16.9,40.0
2023-04-15,51,15.8,5.8,12.4,3.0,0.1,0.1,0.0,0.0,13.0,34.2
2023-04-16,51,8.4,5.9,6.5,2.6,2.5,2.5,0.0,0.0,9.0,22.0
2023-04-17,51,11.9,5.9,11.7,4.7,1.0,1.0,0.0,0.0,4.3,10.8
2023-04-18,3,14.9,4.2,12.3,2.4,0.0,0.0,0.0,0.0,14.0,34.6
2023-04-19,3,16.3,3.8,12.6,-0.3,0.0,0.0,0.0,0.0,15.1,41.8
2023-04-20,2,17.9,4.8,15.1,1.6,0.0,0.0,0.0,0.0,11.9,33.5
2023-04-21,3,17.5,2.2,15.5,-0.5,0.0,0.0,0.0,0.0,10.1,28.4
2023-04-22,3,17.9,2.8,16.3,0.4,0.0,0.0,0.0,0.0,9.4,26.3
2023-04-23,3,21.1,1.9,19.2,-0.4,0.0,0.0,0.0,0.0,13.3,36.0
2023-04-24,61,22.1,9.7,22.4,7.6,2.9,2.9,0.0,0.0,18.0,47.5
2023-04-25,61,20.0,10.1,17.5,8.4,1.9,1.9,0.0,0.0,16.6,47.2
2023-04-26,55,10.2,5.5,8.3,2.8,4.0,4.0,0.0,0.0,12.6,30.2
2023-04-27,51,12.3,2.0,9.2,-0.9,0.2,0.2,0.0,0.0,14.4,41.4
2023-04-28,51,11.2,-0.6,9.1,-3.6,0.3,0.3,0.0,0.0,13.7,45.0
2023-04-29,3,14.1,-1.9,11.4,-4.6,0.0,0.0,0.0,0.0,16.6,38.9
2023-04-30,63,12.7,0.9,9.8,-1.9,5.7,5.7,0.0,0.0,16.6,40.7
2023-05-01,3,13.4,-1.2,10.1,-4.1,0.0,0.0,0.0,0.0,13.0,35.6
2023-05-02,63,17.2,1.5,14.1,-1.7,7.0,7.0,0.0,0.0,21.6,54.4
2023-05-03,63,12.3,0.4,10.1,-2.7,3.8,3.8,0.0,0.0,11.5,36.4
2023-05-04,3,9.7,-0.8,5.8,-3.7,0.0,0.0,0.0,0.0,13.3,36.4
2023-05-05,2,8.8,-2.8,6.0,-6.0,0.0,0.0,0.0,0.0,13.3,38.2
2023-05-06,0,10.4,-3.2,8.3,-6.7,0.0,0.0,0.0,0.0,6.8,24.8
2023-05-07,3,13.1,-1.4,10.8,-4.7,0.0,0.0,0.0,0.0,7.6,23.0
2023-05-08,3,17.2,-1.3,15.3,-4.2,0.0,0.0,0.0,0.0,4.7,19.1
2023-05-09,3,19.0,0.3,17.0,-2.4,0.0,0.0,0.0,0.0,8.6,27.0
2023-05-10,3,20.8,3.2,19.6,0.8,0.0,0.0,0.0,0.0,5.0,20.2
2023-05-11,3,21.0,3.3,20.1,1.2,0.0,0.0,0.0,0.0,5.0,18.7
2023-05-12,3,23.3,4.8,22.1,3.2,0.0,0.0,0.0,0.0,7.2,18.0
2023-05-13,3,24.4,5.5,22.8,3.4,0.0,0.0,0.0,0.0,10.8,30.2
2023-05-14,1,23.5,5.9,22.3,4.2,0.0,0.0,0.0,0.0,9.0,24.8
2023-05-15,3,26.0,6.2,24.3,4.7,0.0,0.0,0.0,0.0,14.8,42.8
2023-05-16,61,15.9,11.9,15.6,10.2,10.2,10.2,0.0,0.0,17.6,42.8
2023-05-17,51,17.3,6.6,15.9,3.5,0.0,0.0,-0.2,0.0,12.6,32.0
2023-05-18,3,17.4,4.7,14.8,2.7,0.0,0.0,0.0,0.0,12.2,33.8
2023-05-19,3,18.9,2.8,17.2,0.3,0.0,0.0,0.0,0.0,10.1,25.2
2023-05-20,3,22.0,4.2,21.1,1.9,0.0,0.0,0.0,0.0,6.5,19.8
2023-05-21,3,23.2,5.6,22.6,3.5,0.0,0.0,0.0,0.0,8.6,24.5
2023-05-22,2,22.8,7.2,22.9,5.7,0.0,0.0,0.0,0.0,9.0,25.9
2023-05-23,2,24.0,7.4,23.7,6.3,0.0,0.0,0.0,0.0,6.5,20.9
2023-05-24,1,25.8,9.7,27.3,9.2,0.0,0.0,0.0,0.0,14.4,36.7
2023-05-25,3,25.0,11.5,25.1,10.7,0.0,0.0,0.0,0.0,10.1,28.1
2023-05-26,3,20.9,6.7,20.5,4.7,0.0,0.0,0.0,0.0,17.6,52.2
2023-05-27,3,16.4,4.1,13.5,2.0,0.0,0.0,0.0,0.0,15.1,40.7
2023-05-28,1,20.7,1.6,18.9,-0.7,0.0,0.0,0.0,0.0,11.5,33.1
2023-05-29,51,21.1,5.7,19.8,3.8,0.1,0.1,0.0,0.0,11.5,30.2
2023-05-30,53,19.3,7.5,17.3,5.8,0.6,0.6,0.0,0.0,15.8,43.2
2023-05-31,3,22.2,4.3,19.7,2.5,0.0,0.0,0.0,0.0,17.6,44.3
2023-06-01,53,19.6,6.3,19.7,4.3,1.1,1.1,0.0,0.0,15.1,38.5
2023-06-02,51,14.5,3.7,11.3,0.7,0.2,0.2,0.0,0.0,15.8,41.0
2023-06-03,61,14.8,4.7,12.4,2.5,1.9,1.9,0.0,0.0,13.3,36.7
2023-06-04,51,14.5,4.7,13.3,2.0,1.1,1.1,0.0,0.0,13.0,34.2
2023-06-05,2,18.9,2.5,18.6,0.5,0.0,0.0,0.0,0.0,10.1,29.2
2023-06-06,3,23.8,5.6,23.8,4.0,0.0,0.0,0.0,0.0,10.4,28.8
2023-06-07,1,25.7,7.9,26.4,6.9,0.0,0.0,0.0,0.0,12.2,32.4
2023-06-08,2,26.5,7.9,26.8,6.3,0.0,0.0,0.0,0.0,7.6,24.1
2023-06-09,3,21.5,10.8,19.6,7.2,0.0,0.0,0.0,0.0,11.9,33.8
2023-06-10,2,20.0,6.9,18.1,3.5,0.0,0.0,0.0,0.0,11.5,33.5
2023-06-11,0,21.7,6.2,20.3,3.3,0.0,0.0,0.0,0.0,8.6,27.7
2023-06-12,0,23.4,6.2,22.2,3.6,0.0,0.0,0.0,0.0,9.7,28.1
2023-06-13,2,25.2,7.8,24.9,5.6,0.0,0.0,0.0,0.0,7.9,25.9
2023-06-14,3,27.9,10.1,27.5,8.6,0.0,0.0,0.0,0.0,7.9,26.3
2023-06-15,3,29.7,11.1,28.9,9.3,0.0,0.0,0.0,0.0,7.9,24.8
2023-06-16,3,29.6,13.9,30.4,13.3,0.0,0.0,0.0,0.0,7.6,20.2
2023-06-17,3,29.6,16.2,34.1,17.1,0.0,0.0,0.0,0.0,12.6,29.5
2023-06-18,3,21.9,17.7,23.6,17.2,0.0,0.0,0.0,0.0,6.8,18.7
2023-06-19,3,28.5,16.5,34.5,16.2,0.0,0.0,0.0,0.0,8.3,20.2
2023-06-20,51,29.8,16.5,33.4,17.9,0.1,0.1,-0.1,0.0,8.3,21.6
2023-06-21,3,30.8,13.5,32.8,14.2,0.0,0.0,0.0,0.0,7.9,22.0
2023-06-22,63,23.0,15.6,26.2,16.3,9.0,9.0,0.0,0.0,13.7,36.0
2023-06-23,3,26.0,14.0,31.2,14.4,0.0,0.0,0.0,0.0,9.4,25.6
2023-06-24,3,24.3,14.2,24.8,14.7,0.0,0.0,0.0,0.0,13.7,39.2
2023-06-25,3,24.7,11.4,25.2,11.4,0.0,0.0,0.0,0.0,12.2,35.3
2023-06-26,3,23.5,11.1,24.6,11.2,0.0,0.0,0.0,0.0,9.0,27.0
2023-06-27,51,25.5,11.2,27.2,10.6,0.1,0.1,0.0,0.0,12.6,35.6
2023-06-28,53,28.4,14.4,29.0,15.4,0.6,0.6,0.0,0.0,15.5,38.5
2023-06-29,3,28.0,13.4,28.2,13.9,0.0,0.0,0.0,0.0,15.8,41.8
2023-06-30,55,28.6,16.9,29.2,18.4,1.2,1.2,0.0,0.0,10.4,30.2
2023-07-01,53,23.4,16.3,23.1,16.4,1.1,1.1,0.0,0.0,14.8,39.2
2023-07-02,63,20.8,13.6,22.2,12.1,7.7,7.7,0.0,0.0,15.5,39.6
2023-07-03,61,19.4,12.9,17.9,10.9,1.8,1.8,0.0,0.0,21.2,54.7
2023-07-04,55,20.6,11.6,20.9,10.2,2.6,2.6,0.0,0.0,17.3,50.8
2023-07-05,3,23.1,11.7,22.3,10.6,0.0,0.0,0.0,0.0,13.7,38.9
2023-07-06,65,21.1,12.5,24.4,10.7,15.0,15.0,0.0,0.0,8.6,24.1
2023-07-07,61,22.4,10.8,23.6,10.6,1.4,1.4,0.0,0.0,10.1,33.1
2023-07-08,3,22.4,12.1,22.4,11.3,0.0,0.0,0.0,0.0,13.3,35.6
2023-07-09,2,23.4,13.0,23.1,13.4,0.0,0.0,0.0,0.0,14.8,38.5
2023-07-10,2,21.2,11.6,20.6,10.9,0.0,0.0,0.0,0.0,10.8,30.2
2023-07-11,3,24.0,10.0,23.9,9.5,0.0,0.0,0.0,0.0,9.7,30.2
2023-07-12,3,25.5,9.2,26.4,8.7,0.0,0.0,0.0,0.0,6.5,22.0
2023-07-13,53,25.2,14.1,26.4,14.7,0.8,0.8,0.0,0.0,11.2,30.6
2023-07-14,63,23.6,12.1,28.5,12.0,8.2,8.2,0.0,0.0,9.4,52.9
2023-07-15,3,26.0,10.1,27.0,9.5,0.0,0.0,0.0,0.0,7.9,24.8
2023-07-16,63,30.1,11.9,31.4,11.0,11.7,11.7,0.0,0.0,13.7,51.8
2023-07-17,61,26.6,16.1,29.3,17.7,3.3,3.3,0.0,0.0,8.6,50.8
2023-07-18,3,21.2,14.0,20.2,12.8,0.0,0.0,0.0,0.0,18.0,43.9
2023-07-19,3,21.8,12.4,21.2,11.0,0.0,0.0,0.0,0.0,13.7,37.4
2023-07-20,61,20.4,10.8,20.9,9.5,2.5,2.5,0.0,0.0,13.0,40.3
2023-07-21,51,19.5,8.6,19.5,7.4,0.2,0.2,0.0,0.0,12.2,49.0
2023-07-22,53,19.0,9.1,18.4,7.3,1.4,1.4,0.0,0.0,11.9,32.4
2023-07-23,55,19.5,12.3,19.1,12.3,4.5,4.5,0.0,0.0,15.5,42.1
2023-07-24,51,19.8,14.1,20.6,14.9,0.7,0.7,0.0,0.0,7.6,19.8
2023-07-25,65,22.1,13.9,25.3,14.1,21.2,21.2,0.0,0.0,9.7,26.6
2023-07-26,61,23.2,13.5,24.3,13.7,1.4,1.4,0.0,0.0,13.3,34.6
2023-07-27,3,20.5,12.6,22.5,13.0,0.0,0.0,0.0,0.0,5.4,14.4
2023-07-28,51,22.5,9.4,22.8,9.0,0.3,0.3,0.0,0.0,8.6,22.0
2023-07-29,63,23.0,13.2,24.6,13.7,7.7,7.7,0.0,0.0,10.4,28.1
2023-07-30,51,22.6,10.2,25.4,9.8,1.0,1.0,0.0,0.0,8.3,24.5
2023-07-31,53,21.8,14.1,24.7,15.1,0.8,0.8,0.0,0.0,8.3,52.2
2023-08-01,61,24.3,14.6,27.6,14.3,5.1,5.1,0.0,0.0,15.8,40.0
2023-08-02,53,24.2,15.8,27.1,16.7,3.5,3.5,0.0,0.0,15.8,39.2
2023-08-03,63,22.1,15.1,24.8,15.5,9.4,9.4,0.0,0.0,18.4,73.4
2023-08-04,3,23.0,14.4,23.8,14.4,0.0,0.0,0.0,0.0,16.9,42.1
2023-08-05,55,24.1,13.6,26.1,14.0,3.5,3.5,0.0,0.0,12.2,28.8
2023-08-06,63,30.6,17.4,34.0,18.1,3.5,3.5,0.0,0.0,17.6,42.8
2023-08-07,65,30.6,15.1,32.6,15.1,34.9,34.9,0.0,0.0,20.9,60.8
2023-08-08,63,18.8,10.8,18.2,9.8,9.0,9.0,0.0,0.0,20.5,49.3
2023-08-09,51,20.5,9.1,20.8,7.8,0.2,0.2,0.0,0.0,12.2,38.5
2023-08-10,61,21.5,11.8,21.6,11.3,2.2,2.2,0.0,0.0,11.9,29.5
2023-08-11,53,23.0,9.6,25.0,9.4,1.1,1.1,0.0,0.0,4.7,15.1
2023-08-12,3,22.2,10.9,22.9,10.7,0.0,0.0,0.0,0.0,7.9,22.0
2023-08-13,3,24.1,9.6,29.3,9.3,0.0,0.0,0.0,0.0,6.1,16.9
2023-08-14,51,24.2,15.4,27.5,16.7,0.1,0.1,0.0,0.0,5.8,17.3
2023-08-15,2,27.7,12.9,29.8,13.2,0.0,0.0,0.0,0.0,10.1,24.5
2023-08-16,3,32.0,19.0,36.4,21.3,0.0,0.0,0.0,0.0,8.6,23.8
2023-08-17,3,26.1,17.4,29.2,17.9,0.0,0.0,0.0,0.0,9.7,25.2
2023-08-18,61,27.5,16.8,30.9,17.4,2.0,2.0,0.0,0.0,11.5,31.7
2023-08-19,63,28.5,18.8,33.8,20.5,5.4,5.4,0.0,0.0,9.7,31.7
2023-08-20,3,28.0,17.4,33.2,19.6,0.0,0.0,0.0,0.0,7.9,22.3
2023-08-21,61,22.8,17.0,26.3,17.7,4.1,4.1,0.0,0.0,11.2,28.8
2023-08-22,3,22.1,14.4,22.7,14.5,0.0,0.0,0.0,0.0,11.5,29.2
2023-08-23,3,22.7,12.8,23.2,13.3,0.0,0.0,0.0,0.0,13.3,33.8
2023-08-24,63,20.9,12.8,21.1,13.2,6.2,6.2,0.0,0.0,11.2,36.0
2023-08-25,53,22.0,12.1,23.1,12.4,1.2,1.2,0.0,0.0,6.8,16.6
2023-08-26,53,20.1,16.5,23.1,17.7,3.4,3.4,0.0,0.0,8.3,23.4
2023-08-27,3,22.9,16.5,24.7,18.2,0.0,0.0,0.0,0.0,6.8,18.4
2023-08-28,65,20.2,12.8,21.3,12.8,19.8,19.8,0.0,0.0,23.4,63.0
2023-08-29,63,19.0,11.4,20.7,11.5,3.4,3.4,0.0,0.0,10.1,24.5
2023-08-30,65,25.9,15.8,30.1,15.4,20.7,20.7,0.0,0.0,13.0,39.6
2023-08-31,55,22.0,16.8,25.5,16.7,3.7,3.7,0.0,0.0,14.4,36.4
2023-09-01,51,19.2,13.6,18.3,12.5,0.5,0.5,0.0,0.0,14.8,34.6
2023-09-02,51,20.2,12.3,20.5,12.0,0.5,0.5,0.0,0.0,16.9,40.3
2023-09-03,63,19.8,11.3,21.2,11.4,2.9,2.9,0.0,0.0,9.7,24.5
2023-09-04,3,20.5,9.6,20.8,9.1,0.0,0.0,0.0,0.0,9.0,22.7
2023-09-05,3,22.9,13.6,23.9,13.6,0.0,0.0,0.0,0.0,14.0,33.5
2023-09-06,3,20.1,9.9,19.3,9.3,0.0,0.0,0.0,0.0,12.6,32.4
2023-09-07,3,19.4,6.8,18.6,5.8,0.0,0.0,0.0,0.0,6.5,18.0
2023-09-08,3,20.9,7.2,23.4,6.2,0.0,0.0,0.0,0.0,7.6,21.6
2023-09-09,3,21.0,13.2,22.2,13.7,0.0,0.0,0.0,0.0,5.0,15.1
2023-09-10,3,23.3,12.8,24.7,13.0,0.0,0.0,0.0,0.0,9.0,23.4
2023-09-11,3,24.1,12.6,26.8,12.6,0.0,0.0,0.0,0.0,7.2,21.2
2023-09-12,3,24.9,14.4,26.1,14.2,0.0,0.0,0.0,0.0,9.0,23.8
2023-09-13,51,25.2,14.2,27.8,14.8,0.4,0.4,0.0,0.0,7.6,45.7
2023-09-14,55,18.5,9.7,21.3,9.1,1.9,1.9,0.0,0.0,15.1,39.2
2023-09-15,3,18.0,6.8,17.1,5.7,0.0,0.0,0.0,0.0,5.8,19.1
2023-09-16,3,19.5,6.5,17.8,4.9,0.0,0.0,0.0,0.0,10.8,28.4
2023-09-17,3,21.5,9.2,21.6,7.2,0.0,0.0,0.0,0.0,11.9,29.2
2023-09-18,53,20.0,9.5,19.8,8.1,0.9,0.9,0.0,0.0,10.4,27.0
2023-09-19,63,22.8,13.1,23.0,12.7,4.8,4.8,0.0,0.0,17.6,42.5
2023-09-20,51,19.5,12.6,19.1,11.1,0.7,0.7,0.0,0.0,14.8,34.9
2023-09-21,3,22.8,14.9,22.3,14.5,0.0,0.0,0.0,0.0,12.2,31.7
2023-09-22,3,24.4,14.2,22.5,13.2,0.0,0.0,0.0,0.0,20.2,47.9
2023-09-23,61,19.0,14.4,21.8,15.2,6.5,6.5,0.0,0.0,13.3,32.4
2023-09-24,3,18.2,9.1,17.6,7.9,0.0,0.0,0.0,0.0,11.5,29.5
2023-09-25,3,17.4,6.6,16.0,5.2,0.0,0.0,0.0,0.0,7.2,21.2
2023-09-26,3,19.2,6.2,19.1,4.6,0.0,0.0,0.0,0.0,6.1,15.5
2023-09-27,3,22.7,13.1,23.7,11.6,0.0,0.0,0.0,0.0,13.7,32.8
2023-09-28,3,24.0,13.5,24.6,13.8,0.0,0.0,0.0,0.0,9.4,23.0
2023-09-29,3,22.6,13.4,22.2,12.6,0.0,0.0,0.0,0.0,9.7,24.1
2023-09-30,61,18.1,11.4,19.2,9.9,6.4,6.4,0.0,0.0,13.3,32.8
2023-10-01,3,16.6,9.6,15.7,7.8,0.0,0.0,0.0,0.0,13.7,35.6
2023-10-02,51,16.6,8.2,15.7,6.9,0.2,0.2,0.0,0.0,9.7,24.5
2023-10-03,51,18.6,13.1,20.0,12.4,0.6,0.6,0.0,0.0,19.4,45.0
2023-10-04,61,17.9,10.6,15.6,8.0,5.4,5.4,0.0,0.0,25.9,64.4
2023-10-05,63,11.6,8.1,9.7,5.0,14.7,14.7,0.0,0.0,25.6,60.8
2023-10-06,55,12.7,4.1,9.9,1.4,5.6,5.6,0.0,0.0,25.9,61.2
2023-10-07,61,13.1,4.2,11.3,-0.7,11.6,11.6,0.0,0.0,31.7,77.4
2023-10-08,63,8.1,2.7,2.9,-2.0,8.8,8.8,0.0,0.0,24.8,64.8
2023-10-09,61,6.8,0.8,3.9,-1.5,6.9,6.9,0.0,0.0,20.2,47.2
2023-10-10,71,10.6,-0.8,8.1,-3.3,0.1,0.0,0.0,0.07,13.0,30.2
2023-10-11,61,14.4,7.2,12.1,3.7,5.3,5.3,0.0,0.0,23.0,54.7
2023-10-12,51,12.6,8.1,9.3,5.2,0.1,0.1,0.0,0.0,21.6,50.8
2023-10-13,61,13.1,5.4,10.4,3.0,2.4,2.4,0.0,0.0,18.0,41.8
2023-10-14,63,16.2,7.8,14.7,4.5,10.5,10.5,0.0,0.0,22.7,56.2
2023-10-15,63,11.6,4.0,8.0,1.6,9.6,9.6,0.0,0.0,22.3,55.4
2023-10-16,63,7.5,2.5,5.9,-1.0,8.5,8.5,0.0,0.0,18.7,46.1
2023-10-17,55,9.1,0.6,6.2,-2.7,3.1,3.1,0.0,0.0,12.6,30.6
2023-10-18,63,8.2,2.3,5.5,-0.2,9.2,9.2,0.0,0.0,16.2,38.9
2023-10-19,3,5.3,-0.7,2.0,-3.7,0.0,0.0,0.0,0.0,6.5,17.6
2023-10-20,3,3.7,0.4,-0.6,-3.5,0.0,0.0,0.0,0.0,16.9,41.0
2023-10-21,63,4.1,1.6,0.5,-3.0,8.4,8.4,0.0,0.0,22.0,52.2
2023-10-22,51,7.8,4.3,6.2,0.8,0.5,0.5,0.0,0.0,14.0,34.6
2023-10-23,51,9.2,6.2,7.8,4.3,1.0,1.0,0.0,0.0,7.6,19.4
2023-10-24,51,8.1,4.0,6.7,0.9,1.1,1.1,0.0,0.0,9.4,23.8
2023-10-25,3,3.9,1.8,0.9,-3.1,0.0,0.0,0.0,0.0,16.9,40.3
2023-10-26,71,1.7,-0.1,-2.8,-4.6,1.9,1.5,0.0,0.28,15.1,37.4
2023-10-27,51,0.8,-0.3,-2.3,-4.3,0.6,0.6,0.0,0.0,10.4,26.3
2023-10-28,3,1.1,-0.6,-2.3,-3.9,0.0,0.0,0.0,0.0,8.3,20.9
2023-10-29,61,3.3,-0.3,0.0,-3.9,4.1,4.1,0.0,0.0,16.2,38.2
2023-10-30,63,10.0,0.8,8.5,-3.1,11.8,11.8,0.0,0.0,24.8,58.7
2023-10-31,61,12.9,5.9,10.7,3.8,6.6,6.6,0.0,0.0,20.9,49.7
2023-11-01,53,12.4,5.2,10.1,1.6,1.7,1.7,0.0,0.0,18.7,43.6
2023-11-02,3,8.1,2.1,5.3,-0.7,0.0,0.0,0.0,0.0,12.6,29.9
2023-11-03,3,10.1,3.8,6.1,0.3,0.0,0.0,0.0,0.0,23.8,56.5
2023-11-04,61,10.6,7.3,6.7,3.3,5.1,5.1,0.0,0.0,26.6,63.0
2023-11-05,51,9.9,4.2,7.4,1.7,0.1,0.1,0.0,0.0,13.3,31.7
2023-11-06,53,9.0,6.4,8.4,5.2,3.0,3.0,0.0,0.0,6.1,16.9
2023-11-07,55,9.8,7.2,7.5,4.5,4.4,4.4,0.0,0.0,14.4,34.9
2023-11-08,51,9.4,6.2,7.5,4.1,1.1,1.1,0.0,0.0,12.2,32.0
2023-11-09,51,9.2,5.8,7.3,2.8,0.2,0.2,0.0,0.0,11.9,31.0
2023-11-10,51,6.7,4.1,3.7,1.3,0.2,0.2,0.0,0.0,14.8,35.3
2023-11-11,53,6.6,4.2,4.6,1.6,3.0,3.0,0.0,0.0,9.4,22.3
2023-11-12,53,6.2,4.0,4.5,1.9,4.7,4.7,0.0,0.0,8.6,24.8
2023-11-13,55,5.1,3.9,2.3,1.3,11.1,11.1,0.0,0.0,13.3,33.5
2023-11-14,55,4.8,1.5,2.8,-1.2,4.1,4.1,0.0,0.0,8.6,24.8
2023-11-15,3,2.8,1.0,-0.5,-2.0,0.0,0.0,0.0,0.0,9.0,21.6
2023-11-16,71,2.5,-0.8,-0.7,-3.8,0.1,0.0,0.0,0.07,6.8,15.8
2023-11-17,3,-0.1,-2.0,-3.3,-5.7,0.0,0.0,0.0,0.0,10.1,24.5
2023-11-18,71,-1.1,-2.1,-4.4,-5.6,0.6,0.0,0.0,0.42,7.6,17.3
2023-11-19,3,0.2,-2.2,-3.4,-5.7,0.0,0.0,0.0,0.0,7.2,17.6
2023-11-20,3,0.3,-5.1,-2.9,-8.7,0.0,0.0,0.0,0.0,9.0,22.0
2023-11-21,71,-2.6,-7.8,-5.7,-11.4,0.4,0.0,0.0,0.28,9.4,22.3
2023-11-22,73,-3.4,-9.4,-7.1,-13.1,1.1,0.0,0.0,0.77,20.9,47.9
2023-11-23,75,2.7,-4.1,-1.1,-10.1,20.8,10.4,0.0,7.28,27.4,61.9
2023-11-24,63,1.5,-0.2,-1.4,-3.9,15.9,15.9,0.0,0.0,16.6,43.6
2023-11-25,73,0.4,-4.4,-2.6,-8.7,1.4,0.0,0.0,0.98,8.6,21.2
2023-11-26,71,-4.8,-6.8,-8.8,-10.7,0.1,0.0,0.0,0.07,9.0,22.7
2023-11-27,73,-3.6,-6.4,-8.7,-11.1,0.9,0.0,0.0,0.63,18.0,42.5
2023-11-28,73,-2.4,-5.3,-6.0,-9.5,3.0,0.0,0.0,2.1,13.0,38.2
2023-11-29,73,-4.4,-7.6,-8.4,-11.8,5.2,0.0,0.0,3.64,14.4,34.6
2023-11-30,73,-3.8,-5.8,-7.0,-10.8,7.8,0.0,0.0,5.46,12.6,32.8
2023-12-01,73,-0.8,-5.2,-4.2,-8.7,2.8,0.0,0.0,1.96,10.1,22.7
2023-12-02,73,-2.5,-5.2,-5.7,-8.7,0.9,0.0,0.0,0.63,5.8,15.8
2023-12-03,71,-4.0,-7.9,-7.2,-11.2,0.4,0.0,0.0,0.28,6.8,16.9
2023-12-04,71,-2.7,-6.2,-6.8,-10.2,0.8,0.0,0.0,0.56,9.7,22.3
2023-12-05,3,-3.0,-5.2,-6.3,-8.3,0.0,0.0,0.0,0.0,5.4,13.3
2023-12-06,3,-4.1,-8.2,-7.6,-12.7,0.0,0.0,0.0,0.0,9.4,21.6
2023-12-07,3,-4.6,-6.4,-9.6,-11.9,0.0,0.0,0.0,0.0,16.2,36.7
2023-12-08,71,-5.2,-7.6,-10.0,-11.9,1.0,0.0,0.0,0.7,14.4,33.8
2023-12-09,71,-5.2,-7.8,-10.1,-12.2,0.9,0.0,0.0,0.63,13.7,32.4
2023-12-10,71,-2.0,-5.6,-6.3,-10.3,1.0,0.0,0.0,0.7,13.7,31.3
2023-12-11,73,-1.2,-4.2,-5.2,-9.1,3.2,0.0,0.0,2.24,14.8,34.2
2023-12-12,73,0.1,-1.1,-2.4,-5.0,3.1,0.3,0.0,1.96,10.1,24.1
2023-12-13,71,-0.1,-1.1,-2.4,-4.4,0.8,0.0,0.0,0.56,7.9,19.1
2023-12-14,3,-0.4,-5.1,-3.4,-8.3,0.0,0.0,0.0,0.0,7.2,16.9
2023-12-15,75,-0.6,-5.2,-4.3,-8.7,5.7,0.0,0.0,3.99,15.5,36.0
2023-12-16,71,3.2,-3.8,-1.3,-7.2,1.7,1.2,0.0,0.35,19.8,44.6
2023-12-17,61,5.3,2.8,1.9,-1.0,7.6,7.6,0.0,0.0,19.4,46.1
2023-12-18,51,5.2,3.2,2.7,0.6,0.5,0.5,0.0,0.0,15.1,35.6
2023-12-19,61,6.5,2.5,3.2,-0.6,6.2,6.2,0.0,0.0,25.2,58.0
2023-12-20,55,3.2,0.9,0.2,-2.9,3.1,3.1,0.0,0.0,14.8,34.6
2023-12-21,61,2.4,0.4,-0.5,-4.6,8.1,8.1,0.0,0.0,22.0,51.8
2023-12-22,61,2.7,0.6,-1.3,-4.2,8.1,8.1,0.0,0.0,18.7,46.8
2023-12-23,71,1.0,-0.4,-1.9,-3.6,2.6,2.5,0.0,0.07,14.0,33.5
2023-12-24,71,0.3,-1.8,-3.2,-6.4,2.8,2.7,0.0,0.07,14.8,36.0
2023-12-25,75,3.0,-1.4,-1.3,-6.5,13.0,3.8,0.0,6.44,19.1,45.7
2023-12-26,73,1.2,-0.6,-1.7,-4.2,2.9,2.4,0.0,0.35,11.2,29.2
2023-12-27,61,1.1,0.0,-2.5,-4.6,4.1,4.1,0.0,0.0,22.7,55.1
2023-12-28,73,2.6,-2.8,-1.4,-6.2,4.2,1.8,0.0,1.68,16.2,37.4
2023-12-29,61,4.9,3.0,1.6,-0.7,4.3,4.3,0.1,0.0,17.3,40.0
2023-12-30,61,5.0,1.4,1.8,-2.2,5.3,4.7,0.6,0.0,16.2,41.0
2023-12-31,71,1.6,-4.5,-2.2,-8.4,0.7,0.6,0.0,0.07,15.5,36.7
2024-01-01,3,-4.4,-10.9,-8.4,-16.2,0.0,0.0,0.0,0.0,15.8,37.8
2024-01-02,3,-11.6,-16.0,-17.0,-21.7,0.0,0.0,0.0,0.0,13.0,32.4
2024-01-03,73,-13.4,-17.2,-19.3,-23.1,2.2,0.0,0.0,1.54,15.1,37.1
2024-01-04,73,-12.5,-15.6,-17.4,-21.2,4.9,0.0,0.0,3.43,14.0,34.6
2024-01-05,71,-10.2,-13.4,-14.5,-17.4,2.0,0.0,0.0,1.4,9.4,26.3
2024-01-06,71,-11.8,-19.8,-16.5,-24.6,0.5,0.0,0.0,0.35,9.0,22.0
2024-01-07,0,-16.7,-22.6,-21.6,-27.8,0.0,0.0,0.0,0.0,7.9,20.2
2024-01-08,3,-8.9,-23.9,-12.5,-28.1,0.0,0.0,0.0,0.0,8.3,19.1
2024-01-09,3,0.9,-7.8,-2.4,-11.7,0.0,0.0,0.0,0.0,13.7,31.7
2024-01-10,3,2.3,1.2,-1.3,-2.8,0.0,0.0,0.0,0.0,20.2,47.5
2024-01-11,71,2.3,-5.9,-2.5,-10.7,0.2,0.1,0.0,0.07,21.6,52.9
2024-01-12,73,-0.9,-8.1,-4.4,-12.1,6.4,0.0,0.0,4.48,16.6,41.4
2024-01-13,73,-8.5,-13.7,-13.0,-18.8,1.7,0.0,0.0,1.19,16.9,38.9
2024-01-14,73,-3.5,-8.6,-6.6,-14.1,3.0,0.0,0.0,2.1,15.1,35.3
2024-01-15,73,0.4,-3.2,-3.1,-6.4,5.7,1.5,0.0,2.94,13.0,31.3
2024-01-16,73,-1.0,-10.8,-4.4,-15.0,3.3,0.0,0.0,2.31,18.0,42.8
2024-01-17,3,-7.3,-15.1,-13.3,-19.9,0.0,0.0,0.0,0.0,20.2,46.8
2024-01-18,73,-4.2,-7.4,-8.3,-13.6,2.8,0.0,0.0,1.96,22.3,50.8
2024-01-19,73,-2.1,-8.8,-6.6,-13.3,0.6,0.0,0.0,0.42,14.8,36.0
2024-01-20,71,-1.5,-8.2,-4.9,-12.2,0.1,0.0,0.0,0.07,8.3,18.7
2024-01-21,71,-2.5,-4.7,-6.4,-9.8,0.1,0.0,0.0,0.07,19.8,44.3
2024-01-22,73,1.2,-2.9,-3.6,-8.2,6.7,3.7,0.0,2.1,25.6,57.6
2024-01-23,51,3.2,1.6,-1.1,-3.0,1.7,1.7,0.0,0.0,20.2,47.2
2024-01-24,61,3.3,0.4,0.1,-4.4,7.7,7.7,0.0,0.0,19.4,45.4
2024-01-25,53,3.0,0.2,0.1,-3.9,4.8,4.8,0.0,0.0,16.6,38.5
2024-01-26,3,0.1,-2.9,-4.1,-7.4,0.0,0.0,0.0,0.0,13.3,32.0
2024-01-27,3,-0.4,-2.8,-3.7,-7.4,0.0,0.0,0.0,0.0,13.0,30.2
2024-01-28,71,2.0,-2.8,-1.1,-5.7,0.1,0.0,0.0,0.07,10.4,24.1
2024-01-29,3,3.0,-0.3,-1.4,-3.7,0.0,0.0,0.0,0.0,18.0,41.8
2024-01-30,3,1.5,-0.9,-1.7,-4.2,0.0,0.0,0.0,0.0,8.6,19.8
2024-01-31,51,3.8,0.6,0.6,-2.5,1.3,1.3,0.0,0.0,17.6,41.0
2024-02-01,53,3.5,0.2,-0.8,-4.8,2.2,2.2,0.0,0.0,22.3,52.2
2024-02-02,61,2.8,-2.0,-1.3,-6.3,3.3,3.3,0.0,0.0,15.8,41.4
2024-02-03,61,5.4,0.6,2.0,-3.9,4.3,4.3,0.0,0.0,22.3,55.4
2024-02-04,61,4.1,0.1,-0.2,-3.6,2.1,2.1,0.0,0.0,18.4,46.8
2024-02-05,75,1.0,-1.8,-2.4,-6.5,6.3,3.9,0.0,1.68,15.5,40.0
2024-02-06,73,0.3,-2.7,-3.4,-7.3,0.8,0.0,0.0,0.56,13.7,33.1
2024-02-07,73,-3.0,-7.8,-7.7,-11.3,4.8,0.0,0.0,3.36,16.6,45.7
2024-02-08,75,-2.0,-7.2,-5.3,-11.0,5.1,0.0,0.0,3.57,8.3,20.5
2024-02-09,73,-3.2,-6.4,-7.5,-11.0,2.5,0.0,0.0,1.75,10.4,24.8
2024-02-10,73,-2.8,-9.1,-7.4,-14.1,1.1,0.0,0.0,0.77,17.3,40.3
2024-02-11,73,0.2,-3.1,-3.8,-7.6,3.2,0.0,0.0,2.24,13.0,29.5
2024-02-12,71,0.9,-0.6,-3.1,-4.7,2.6,2.3,0.0,0.21,15.5,35.6
2024-02-13,51,2.0,0.4,-1.6,-3.8,3.7,3.7,0.0,0.0,15.8,37.1
2024-02-14,51,2.3,0.0,0.0,-2.7,0.5,0.5,0.0,0.0,7.2,16.9
2024-02-15,53,3.0,0.6,-0.8,-3.6,3.6,3.6,0.0,0.0,15.8,37.8
2024-02-16,61,4.6,0.5,0.9,-3.4,4.2,4.2,0.0,0.0,18.7,42.1
2024-02-17,55,6.2,-0.1,3.2,-5.7,4.5,4.5,0.0,0.0,20.5,49.0
2024-02-18,3,2.4,-3.5,-2.1,-7.0,0.0,0.0,0.0,0.0,18.7,45.7
2024-02-19,3,1.8,-3.8,-2.8,-7.6,0.0,0.0,0.0,0.0,14.8,34.6
2024-02-20,71,0.6,-1.5,-2.5,-5.6,1.2,0.0,0.0,0.84,11.9,27.7
2024-02-21,71,1.6,-1.2,-1.5,-4.4,3.0,2.5,0.0,0.35,12.6,29.2
2024-02-22,3,3.8,1.6,1.0,-1.5,0.0,0.0,0.0,0.0,17.6,40.3
2024-02-23,61,5.8,3.8,3.7,-0.4,7.4,7.4,0.0,0.0,19.8,45.7
2024-02-24,53,7.7,3.2,4.0,-0.2,2.5,2.5,0.0,0.0,30.6,70.2
2024-02-25,3,7.6,2.0,4.8,-0.9,0.0,0.0,0.0,0.0,9.4,28.1
2024-02-26,51,7.9,3.5,6.7,0.8,0.2,0.2,0.0,0.0,9.7,24.1
2024-02-27,53,6.1,3.5,4.3,1.8,2.1,2.1,0.0,0.0,6.5,16.2
2024-02-28,53,5.1,1.2,3.4,-1.9,3.4,3.4,0.0,0.0,8.3,22.7
2024-02-29,51,1.7,0.3,-1.4,-2.5,0.3,0.3,0.0,0.0,10.1,23.8
2024-03-01,3,8.2,1.2,4.4,-2.5,0.0,0.0,0.0,0.0,16.9,41.4
2024-03-02,3,7.6,1.6,3.6,-2.4,0.0,0.0,0.0,0.0,16.9,41.8
2024-03-03,3,7.8,-0.1,3.8,-3.9,0.0,0.0,0.0,0.0,14.8,34.9
2024-03-04,3,5.8,-1.7,2.0,-5.4,0.0,0.0,0.0,0.0,10.8,27.7
2024-03-05,1,6.1,-2.3,1.9,-6.3,0.0,0.0,0.0,0.0,13.3,34.6
2024-03-06,0,4.8,-4.0,1.1,-7.2,0.0,0.0,0.0,0.0,7.2,20.5
2024-03-07,2,4.0,-6.2,0.3,-9.5,0.0,0.0,0.0,0.0,8.6,23.8
2024-03-08,3,1.6,-2.2,-1.7,-5.6,0.0,0.0,0.0,0.0,7.2,18.4
2024-03-09,3,0.6,-1.9,-2.9,-5.6,0.0,0.0,0.0,0.0,7.2,17.6
2024-03-10,3,3.5,-4.0,-0.7,-7.6,0.0,0.0,0.0,0.0,9.0,25.6
2024-03-11,3,5.8,-4.1,1.1,-8.4,0.0,0.0,0.0,0.0,14.0,34.9
2024-03-12,3,5.8,-1.2,1.5,-5.8,0.0,0.0,0.0,0.0,14.0,33.8
2024-03-13,3,4.6,2.1,1.4,-1.2,0.0,0.0,0.0,0.0,10.4,24.8
2024-03-14,3,7.6,2.7,4.2,-0.3,0.0,0.0,0.0,0.0,15.1,34.9
2024-03-15,3,10.3,4.7,7.5,1.4,0.0,0.0,0.0,0.0,14.8,34.6
2024-03-16,63,10.4,3.2,8.3,-0.0,3.4,3.4,0.0,0.0,13.0,32.4
2024-03-17,53,7.9,2.0,6.3,-1.9,3.1,3.1,0.0,0.0,13.3,33.1
2024-03-18,51,2.9,-0.6,-0.5,-4.6,0.1,0.1,0.0,0.0,12.2,31.3
2024-03-19,3,7.3,0.6,4.8,-2.2,0.0,0.0,0.0,0.0,7.2,19.1
2024-03-20,51,6.1,1.0,3.4,-1.3,0.1,0.1,0.0,0.0,6.1,17.3
2024-03-21,55,8.3,1.5,5.3,-1.2,3.1,3.1,0.0,0.0,13.7,33.5
2024-03-22,61,5.7,3.3,2.4,-0.4,6.7,6.7,0.0,0.0,18.7,43.2
2024-03-23,3,8.9,1.2,5.8,-0.9,0.0,0.0,0.0,0.0,14.8,35.3
2024-03-24,63,7.7,-0.1,5.4,-2.6,5.8,5.8,0.0,0.0,11.9,30.6
2024-03-25,61,6.7,0.9,4.2,-1.7,2.6,2.6,0.0,0.0,7.6,18.7
2024-03-26,3,10.1,-0.1,7.5,-2.9,0.0,0.0,0.0,0.0,9.0,24.1
2024-03-27,3,12.8,2.0,8.3,-1.3,0.0,0.0,0.0,0.0,19.1,45.4
2024-03-28,3,14.5,5.2,10.8,1.6,0.0,0.0,0.0,0.0,18.7,45.4
2024-03-29,61,8.9,4.8,6.6,2.7,6.2,6.2,0.0,0.0,17.6,45.4
2024-03-30,53,16.1,3.2,14.6,0.8,1.0,1.0,0.0,0.0,10.4,28.4
2024-03-31,3,21.6,3.1,20.9,0.5,0.0,0.0,0.0,0.0,11.9,28.8
2024-04-01,3,21.0,9.6,20.6,8.5,0.0,0.0,0.0,0.0,9.0,24.5
2024-04-02,53,18.9,7.7,18.6,4.6,0.7,0.7,0.0,0.0,13.7,34.9
2024-04-03,53,7.5,0.1,4.5,-4.4,2.6,2.6,0.0,0.0,17.6,42.5
2024-04-04,3,3.5,-0.3,0.3,-4.0,0.0,0.0,0.0,0.0,14.0,33.1
2024-04-05,61,7.3,0.9,5.2,-3.9,4.8,4.8,0.0,0.0,18.7,45.0
2024-04-06,61,11.4,4.2,10.8,2.0,4.3,4.3,0.0,0.0,10.4,25.6
2024-04-07,3,13.6,4.6,13.4,2.4,0.0,0.0,0.0,0.0,16.2,38.5
2024-04-08,3,13.3,7.8,13.2,6.7,0.0,0.0,0.0,0.0,11.2,26.6
2024-04-09,3,23.8,8.8,24.8,7.5,0.0,0.0,0.0,0.0,7.6,22.3
2024-04-10,3,22.4,7.6,22.6,4.1,0.0,0.0,0.0,0.0,16.9,40.0
2024-04-11,3,14.1,4.4,10.0,1.3,0.0,0.0,0.0,0.0,25.2,60.8
2024-04-12,61,15.6,8.4,13.4,6.4,2.4,2.4,0.0,0.0,17.3,43.2
2024-04-13,61,12.4,8.4,11.3,6.7,5.2,5.2,0.0,0.0,15.1,36.7
2024-04-14,63,12.1,6.6,8.3,1.4,9.0,9.0,0.0,0.0,25.6,61.2
2024-04-15,55,10.6,1.5,7.1,-0.7,5.7,5.7,0.0,0.0,25.9,62.3
2024-04-16,3,11.7,0.5,8.9,-1.8,0.0,0.0,0.0,0.0,7.6,28.4
2024-04-17,3,10.1,0.2,7.5,-2.3,0.0,0.0,0.0,0.0,9.4,27.0
2024-04-18,51,9.9,2.2,7.6,-0.7,0.1,0.1,0.0,0.0,8.3,25.2
2024-04-19,3,4.8,0.2,0.9,-3.3,0.0,0.0,0.0,0.0,13.0,34.9
2024-04-20,3,8.7,0.1,5.8,-2.7,0.0,0.0,0.0,0.0,5.8,19.1
2024-04-21,51,10.4,-1.2,6.9,-4.0,0.6,0.6,0.0,0.0,15.5,37.8
2024-04-22,61,5.1,0.6,1.3,-3.7,15.6,15.6,0.0,0.0,19.4,47.2
2024-04-23,53,4.9,0.2,0.8,-4.6,3.0,3.0,0.0,0.0,16.9,40.0
2024-04-24,55,9.6,0.6,6.7,-2.2,4.7,4.7,0.0,0.0,13.3,32.8
2024-04-25,53,8.1,4.2,6.8,1.4,9.5,9.5,0.0,0.0,11.5,27.7
2024-04-26,61,12.3,0.2,9.8,-2.4,2.8,2.8,0.0,0.0,9.7,58.7
2024-04-27,51,16.9,1.4,14.9,-1.2,0.2,0.2,0.0,0.0,13.0,34.6
2024-04-28,2,20.4,5.9,19.4,4.4,0.0,0.0,0.0,0.0,8.6,25.2
2024-04-29,3,22.8,8.3,21.7,6.4,0.0,0.0,0.0,0.0,18.0,43.2
2024-04-30,53,19.1,11.8,19.7,11.5,0.8,0.8,0.0,0.0,7.2,18.7
2024-05-01,3,22.6,10.0,23.2,8.7,0.0,0.0,0.0,0.0,12.2,30.2
2024-05-02,3,19.6,8.1,18.0,5.3,0.0,0.0,0.0,0.0,12.6,32.8
2024-05-03,2,18.8,7.0,16.5,3.8,0.0,0.0,0.0,0.0,11.9,31.0
2024-05-04,3,21.0,5.8,20.2,3.5,0.0,0.0,0.0,0.0,10.1,26.3
2024-05-05,51,19.6,6.7,17.2,4.2,0.1,0.1,0.0,0.0,13.0,33.1
2024-05-06,63,8.4,5.4,5.6,3.6,23.8,23.8,0.0,0.0,13.3,35.3
2024-05-07,3,10.4,2.2,7.1,-0.9,0.0,0.0,0.0,0.0,16.6,44.6
2024-05-08,3,10.6,0.6,7.6,-2.0,0.0,0.0,0.0,0.0,14.4,38.9
2024-05-09,51,9.6,2.4,7.3,-1.5,0.2,0.2,0.0,0.0,9.7,26.3
2024-05-10,53,10.1,3.2,7.6,0.2,2.1,2.1,0.0,0.0,16.9,42.1
2024-05-11,2,11.8,2.6,8.3,-0.4,0.0,0.0,0.0,0.0,19.4,49.0
2024-05-12,3,15.4,2.2,13.8,-0.4,0.0,0.0,0.0,0.0,9.4,27.4
2024-05-13,3,18.6,6.4,18.5,4.5,0.0,0.0,0.0,0.0,8.3,25.9
2024-05-14,3,21.3,4.6,21.2,2.7,0.0,0.0,0.0,0.0,7.6,20.9
2024-05-15,3,22.1,8.5,22.9,7.6,0.0,0.0,0.0,0.0,7.6,22.0
2024-05-16,51,22.0,11.1,22.6,9.4,0.5,0.5,0.0,0.0,9.7,26.6
2024-05-17,3,23.0,9.4,22.6,8.7,0.0,0.0,0.0,0.0,12.2,32.4
2024-05-18,61,25.0,8.9,26.9,8.3,1.5,1.5,0.0,0.0,6.8,17.3
2024-05-19,65,25.5,11.1,27.4,10.6,13.7,13.7,0.0,0.0,17.3,52.9
2024-05-20,51,24.8,12.2,27.3,12.5,0.4,0.4,0.0,0.0,18.0,43.6
2024-05-21,2,24.4,11.6,24.6,10.2,0.0,0.0,0.0,0.0,11.5,29.2
2024-05-22,1,24.9,12.4,23.4,9.5,0.0,0.0,0.0,0.0,13.0,34.6
2024-05-23,3,25.9,14.9,27.1,12.1,0.0,0.0,0.0,0.0,16.6,43.6
2024-05-24,2,26.9,15.5,25.7,13.4,0.0,0.0,0.0,0.0,14.8,38.2
2024-05-25,2,27.9,11.9,28.0,12.2,0.0,0.0,0.0,0.0,10.4,60.5
2024-05-26,3,28.1,10.4,30.5,10.3,0.0,0.0,0.0,0.0,5.8,20.2
2024-05-27,3,28.5,12.9,28.8,13.2,0.0,0.0,0.0,0.0,10.1,28.4
2024-05-28,3,28.5,13.4,29.1,13.3,0.0,0.0,0.0,0.0,13.3,40.0
2024-05-29,61,27.5,15.5,30.1,16.4,3.4,3.4,0.0,0.0,18.7,47.2
2024-05-30,55,28.6,14.1,31.1,14.2,1.5,1.5,0.0,0.0,21.2,63.7
2024-05-31,3,28.6,15.4,30.6,16.3,0.0,0.0,0.0,0.0,10.1,26.6
2024-06-01,53,26.9,14.6,30.4,15.8,0.8,0.8,0.0,0.0,13.3,37.8
2024-06-02,63,24.3,13.2,27.0,13.5,4.3,4.3,0.0,0.0,8.6,40.7
2024-06-03,51,23.0,14.6,25.6,15.1,0.2,0.2,0.0,0.0,9.4,23.4
2024-06-04,3,23.9,14.1,25.1,14.2,0.0,0.0,0.0,0.0,10.1,25.9
2024-06-05,3,26.1,12.8,27.7,13.1,0.0,0.0,0.0,0.0,8.3,23.4
2024-06-06,55,20.6,12.0,20.0,10.8,1.8,1.8,0.0,0.0,11.5,31.7
2024-06-07,63,19.9,7.6,20.1,6.2,6.5,6.5,0.0,0.0,10.4,35.3
2024-06-08,53,18.0,10.2,17.7,9.7,1.5,1.5,0.0,0.0,10.4,33.1
2024-06-09,63,18.1,9.3,16.4,7.1,5.2,5.2,0.0,0.0,18.0,44.6
2024-06-10,55,20.1,8.8,19.7,6.6,1.1,1.1,0.0,0.0,12.6,33.1
2024-06-11,51,21.2,9.4,21.2,8.3,0.3,0.3,0.0,0.0,13.0,33.8
2024-06-12,53,18.7,10.4,17.7,9.0,1.2,1.2,0.0,0.0,11.5,34.6
2024-06-13,61,20.4,7.6,20.6,6.6,1.7,1.7,0.0,0.0,8.6,37.4
2024-06-14,61,17.9,10.4,17.7,10.3,4.9,4.9,0.0,0.0,5.8,16.6
2024-06-15,3,21.6,9.2,21.7,8.6,0.0,0.0,0.0,0.0,7.9,20.2
2024-06-16,3,24.0,10.9,23.8,9.7,0.0,0.0,0.0,0.0,11.5,31.7
2024-06-17,61,24.3,14.7,29.7,15.4,6.2,6.2,0.0,0.0,12.2,40.0
2024-06-18,61,24.0,12.9,24.9,13.3,1.5,1.5,0.0,0.0,10.1,27.7
2024-06-19,63,19.1,12.1,20.8,11.5,14.3,14.3,0.0,0.0,19.1,60.8
2024-06-20,3,21.9,11.5,20.4,10.7,0.0,0.0,0.0,0.0,18.4,45.7
2024-06-21,3,21.7,11.3,21.5,10.4,0.0,0.0,0.0,0.0,12.6,33.5
2024-06-22,55,24.1,11.4,25.4,11.6,2.3,2.3,0.0,0.0,9.4,22.3
2024-06-23,51,20.5,15.9,22.8,16.6,1.9,1.9,0.0,0.0,7.6,20.2
2024-06-24,51,24.1,15.1,25.6,15.3,0.6,0.6,0.0,0.0,10.1,29.5
2024-06-25,3,23.9,13.4,24.2,13.7,0.0,0.0,0.0,0.0,11.2,30.6
2024-06-26,1,27.3,11.5,28.6,11.5,0.0,0.0,0.0,0.0,9.4,25.9
2024-06-27,0,30.4,13.9,32.7,14.1,0.0,0.0,0.0,0.0,7.9,20.9
2024-06-28,3,32.0,18.0,32.4,19.4,0.0,0.0,0.0,0.0,13.3,36.4
2024-06-29,61,25.5,15.5,27.6,17.2,2.6,2.6,0.0,0.0,16.9,41.0
2024-06-30,3,27.0,13.1,27.3,13.7,0.0,0.0,0.0,0.0,15.5,36.7
2024-07-01,65,26.0,15.6,32.1,16.8,16.8,16.8,0.0,0.0,13.3,41.8
2024-07-02,3,21.4,13.4,22.6,14.1,0.0,0.0,0.0,0.0,5.0,15.8
2024-07-03,51,20.3,14.4,21.0,14.4,0.8,0.8,0.0,0.0,13.3,35.3
2024-07-04,61,19.8,13.9,22.6,14.4,5.8,5.8,0.0,0.0,7.9,19.1
2024-07-05,61,21.0,11.1,20.6,9.7,3.3,3.3,0.0,0.0,13.3,47.9
2024-07-06,3,24.1,10.1,23.0,8.4,0.0,0.0,0.0,0.0,14.4,38.2
2024-07-07,53,26.5,15.4,26.6,15.6,1.2,1.2,0.0,0.0,18.0,48.2
2024-07-08,3,23.4,13.7,24.5,14.4,0.0,0.0,0.0,0.0,6.1,20.9
2024-07-09,3,25.7,13.0,26.5,12.9,0.0,0.0,0.0,0.0,10.8,29.2
2024-07-10,3,28.6,14.6,30.5,14.4,0.0,0.0,0.0,0.0,11.2,26.6
2024-07-11,65,30.2,18.6,29.6,18.0,23.5,23.5,0.0,0.0,23.8,101.9
2024-07-12,51,24.4,17.2,27.6,19.1,0.6,0.6,0.0,0.0,6.5,20.9
2024-07-13,61,24.9,16.5,28.1,17.6,3.3,3.3,0.0,0.0,14.0,37.8
2024-07-14,3,22.9,15.4,26.5,16.9,0.0,0.0,0.0,0.0,10.1,30.2
2024-07-15,3,25.0,13.0,28.8,13.6,0.0,0.0,0.0,0.0,4.7,15.8
2024-07-16,3,29.1,14.2,32.0,14.4,0.0,0.0,0.0,0.0,10.4,24.1
2024-07-17,3,28.5,17.8,31.1,18.9,0.0,0.0,0.0,0.0,10.8,27.4
2024-07-18,51,25.8,15.1,26.6,16.0,0.1,0.1,0.0,0.0,11.9,31.7
2024-07-19,51,23.5,13.9,24.1,13.8,0.3,0.3,0.0,0.0,13.7,35.3
2024-07-20,3,23.5,16.0,25.1,17.2,0.0,0.0,0.0,0.0,12.6,31.7
2024-07-21,63,23.3,14.8,25.5,16.1,7.7,7.7,0.0,0.0,6.8,22.7
2024-07-22,3,27.2,14.4,30.3,15.7,0.0,0.0,0.0,0.0,6.8,14.8
2024-07-23,51,28.7,16.1,33.2,17.4,0.9,0.9,0.0,0.0,14.0,49.3
2024-07-24,63,26.6,17.9,31.7,20.2,4.8,4.8,0.0,0.0,14.0,38.9
2024-07-25,55,25.5,17.4,28.4,19.6,1.7,1.7,0.0,0.0,7.9,23.0
2024-07-26,3,26.5,15.8,29.7,17.5,0.0,0.0,0.0,0.0,9.7,26.6
2024-07-27,3,26.4,16.4,26.8,18.3,0.0,0.0,0.0,0.0,7.6,24.1
2024-07-28,65,23.0,15.9,23.8,17.2,35.0,35.0,0.0,0.0,16.9,41.0
2024-07-29,63,19.5,16.3,19.4,13.7,30.3,30.3,0.0,0.0,31.3,75.6
2024-07-30,63,21.0,14.6,21.4,15.1,4.2,4.2,0.0,0.0,16.6,41.0
2024-07-31,3,23.2,12.8,23.3,12.8,0.0,0.0,0.0,0.0,13.3,38.2
2024-08-01,3,22.1,14.7,23.0,14.3,0.0,0.0,0.0,0.0,13.3,32.4
2024-08-02,51,22.0,12.9,21.9,13.6,0.2,0.2,0.0,0.0,11.9,32.0
2024-08-03,51,21.5,12.4,22.3,12.8,0.4,0.4,0.0,0.0,8.3,23.8
2024-08-04,3,24.0,10.6,25.3,10.4,0.0,0.0,0.0,0.0,12.6,30.6
2024-08-05,3,25.3,11.9,27.7,12.2,0.0,0.0,0.0,0.0,8.6,20.9
2024-08-06,53,21.5,13.6,23.7,14.6,0.9,0.9,0.0,0.0,10.8,30.6
2024-08-07,3,23.6,15.0,24.9,16.3,0.0,0.0,0.0,0.0,9.0,22.7
2024-08-08,3,25.5,12.4,28.7,12.9,0.0,0.0,0.0,0.0,3.2,12.2
2024-08-09,53,27.2,14.6,30.5,15.7,0.9,0.9,0.0,0.0,13.3,35.6
2024-08-10,55,22.5,15.9,22.8,14.8,2.4,2.4,0.0,0.0,17.3,43.6
2024-08-11,61,21.0,13.9,19.9,13.1,2.5,2.5,0.0,0.0,19.4,48.2
2024-08-12,53,20.3,12.6,20.1,12.5,3.1,3.1,0.0,0.0,17.6,43.2
2024-08-13,63,22.0,13.2,22.5,12.7,4.4,4.4,0.0,0.0,9.4,26.6
2024-08-14,3,24.0,10.5,25.7,10.5,0.0,0.0,0.0,0.0,6.8,19.4
2024-08-15,3,25.9,10.0,26.4,9.6,0.0,0.0,0.0,0.0,7.2,19.8
2024-08-16,53,25.5,15.9,31.4,15.5,1.5,1.5,0.0,0.0,10.4,27.0
2024-08-17,53,23.9,16.7,28.0,17.9,1.1,1.1,0.0,0.0,9.0,23.8
2024-08-18,3,23.5,12.6,23.9,12.9,0.0,0.0,0.0,0.0,6.8,17.3
2024-08-19,65,21.6,13.6,24.7,14.4,63.1,63.1,0.0,0.0,9.7,23.0
2024-08-20,3,23.4,11.9,25.4,11.8,0.0,0.0,0.0,0.0,7.2,17.3
2024-08-21,63,25.0,15.6,29.7,15.1,17.0,17.0,0.0,0.0,13.7,43.6
2024-08-22,55,22.0,13.8,23.2,13.5,2.8,2.8,0.0,0.0,10.4,26.6
2024-08-23,51,17.0,11.9,17.6,11.3,1.2,1.2,0.0,0.0,13.0,31.3
2024-08-24,3,23.2,13.7,23.6,14.4,0.0,0.0,0.0,0.0,11.5,30.6
2024-08-25,51,28.3,13.3,32.0,12.7,0.6,0.6,0.0,0.0,16.6,40.0
2024-08-26,2,22.9,13.1,24.2,13.6,0.0,0.0,0.0,0.0,5.0,16.9
2024-08-27,2,21.9,10.9,23.7,10.9,0.0,0.0,0.0,0.0,4.7,17.6
2024-08-28,2,22.7,9.4,24.6,8.8,0.0,0.0,0.0,0.0,5.0,14.0
2024-08-29,3,24.5,11.4,26.3,10.9,0.0,0.0,0.0,0.0,8.3,22.3
2024-08-30,3,28.5,16.3,31.8,17.5,0.0,0.0,0.0,0.0,8.6,23.4
2024-08-31,63,20.0,11.8,21.1,11.6,11.0,11.0,0.0,0.0,12.2,38.5
2024-09-01,3,20.8,10.1,21.1,9.3,0.0,0.0,0.0,0.0,6.1,18.0
2024-09-02,3,22.3,9.9,25.2,9.3,0.0,0.0,0.0,0.0,7.2,20.9
2024-09-03,3,25.4,15.6,28.7,17.1,0.0,0.0,0.0,0.0,5.4,12.6
2024-09-04,3,27.0,14.7,27.7,14.9,0.0,0.0,0.0,0.0,7.9,21.2
2024-09-05,0,25.9,14.9,26.7,13.5,0.0,0.0,0.0,0.0,10.1,27.4
2024-09-06,0,23.8,12.4,23.6,10.9,0.0,0.0,0.0,0.0,10.4,27.7
2024-09-07,2,24.6,12.6,26.2,11.0,0.0,0.0,0.0,0.0,8.6,23.0
2024-09-08,1,24.6,12.3,24.0,10.6,0.0,0.0,0.0,0.0,11.5,29.2
2024-09-09,2,24.5,12.6,20.8,10.5,0.0,0.0,0.0,0.0,18.7,45.7
2024-09-10,3,24.1,15.1,21.6,11.6,0.0,0.0,0.0,0.0,16.9,41.0
2024-09-11,55,20.7,14.7,20.6,15.2,1.9,1.9,0.0,0.0,9.4,24.1
2024-09-12,63,22.6,11.9,22.8,12.1,12.3,12.3,0.0,0.0,8.6,21.2
2024-09-13,65,20.8,16.8,24.1,18.6,25.6,25.6,0.0,0.0,9.7,26.3
2024-09-14,61,22.8,16.4,27.4,17.4,2.1,2.1,0.0,0.0,9.0,22.3
2024-09-15,3,23.0,15.0,26.3,15.1,0.0,0.0,0.0,0.0,6.5,17.3
2024-09-16,1,24.6,13.4,26.0,11.9,0.0,0.0,0.0,0.0,7.6,19.4
2024-09-17,3,24.1,11.6,27.5,9.8,0.0,0.0,0.0,0.0,6.5,13.0
2024-09-18,3,23.9,11.4,25.6,11.3,0.0,0.0,0.0,0.0,5.4,13.3
2024-09-19,3,22.8,10.3,23.6,9.9,0.0,0.0,0.0,0.0,5.8,15.8
2024-09-20,3,20.3,10.8,20.4,10.2,0.0,0.0,0.0,0.0,7.9,19.4
2024-09-21,3,19.8,10.6,20.7,10.1,0.0,0.0,0.0,0.0,7.2,19.1
2024-09-22,3,17.9,10.0,17.3,9.0,0.0,0.0,0.0,0.0,7.9,19.8
2024-09-23,3,20.8,10.0,20.4,8.0,0.0,0.0,0.0,0.0,9.0,23.4
2024-09-24,3,22.5,11.1,21.5,9.7,0.0,0.0,0.0,0.0,12.6,30.2
2024-09-25,61,18.5,13.4,17.9,12.0,2.1,2.1,0.0,0.0,17.3,41.4
2024-09-26,61,20.0,12.2,19.3,11.0,3.2,3.2,0.0,0.0,15.1,37.4
2024-09-27,51,17.5,13.4,15.7,12.1,1.3,1.3,0.0,0.0,23.4,59.4
2024-09-28,61,16.6,8.4,14.4,6.3,5.8,5.8,0.0,0.0,19.4,45.0
2024-09-29,2,13.6,5.1,10.5,2.9,0.0,0.0,0.0,0.0,13.0,34.2
2024-09-30,2,12.6,2.2,9.8,-0.3,0.0,0.0,0.0,0.0,6.8,19.8
2024-10-01,55,10.0,2.8,7.9,-0.3,6.0,6.0,0.0,0.0,12.6,31.0
2024-10-02,51,9.4,7.1,7.4,5.7,0.7,0.7,0.0,0.0,6.1,16.2
2024-10-03,53,10.4,6.6,10.0,5.4,4.7,4.7,0.0,0.0,7.2,16.6
2024-10-04,51,10.4,3.3,8.9,1.4,1.3,1.3,0.0,0.0,8.3,20.5
2024-10-05,3,12.9,0.2,11.5,-2.1,0.0,0.0,0.0,0.0,5.0,14.8
2024-10-06,3,12.6,0.6,10.8,-2.0,0.0,0.0,0.0,0.0,6.5,19.4
2024-10-07,3,12.1,2.4,10.8,0.2,0.0,0.0,0.0,0.0,4.0,13.3
2024-10-08,3,14.1,1.8,12.7,-0.4,0.0,0.0,0.0,0.0,13.0,30.2
2024-10-09,61,13.1,8.6,12.8,5.2,4.1,4.1,0.0,0.0,22.0,51.8
2024-10-10,51,16.8,12.8,15.9,12.0,0.1,0.1,0.0,0.0,17.3,45.7
2024-10-11,51,16.2,7.0,15.1,5.2,0.2,0.2,0.0,0.0,13.7,37.1
2024-10-12,2,13.4,2.8,11.0,0.7,0.0,0.0,0.0,0.0,10.8,28.1
2024-10-13,3,11.6,2.3,9.1,0.0,0.0,0.0,0.0,0.0,13.3,31.3
2024-10-14,51,10.8,4.7,9.4,2.9,0.1,0.1,0.0,0.0,7.2,20.2
2024-10-15,63,9.7,4.4,8.0,2.4,14.1,14.1,0.0,0.0,11.2,27.4
2024-10-16,3,10.7,0.1,8.5,-2.4,0.0,0.0,0.0,0.0,6.1,17.3
2024-10-17,3,10.4,-1.9,7.7,-4.8,0.0,0.0,0.0,0.0,8.6,22.7
2024-10-18,1,12.7,2.2,9.6,-1.0,0.0,0.0,0.0,0.0,11.5,28.4
2024-10-19,3,11.8,2.0,8.7,-1.1,0.0,0.0,0.0,0.0,10.4,25.9
2024-10-20,3,11.4,2.1,8.0,-1.2,0.0,0.0,0.0,0.0,14.4,34.2
2024-10-21,3,11.3,5.2,9.6,1.6,0.0,0.0,0.0,0.0,14.4,34.9
2024-10-22,53,12.7,10.4,12.3,8.9,2.1,2.1,0.0,0.0,16.9,40.3
2024-10-23,51,12.8,7.2,9.9,4.6,0.4,0.4,0.0,0.0,18.4,47.2
2024-10-24,3,12.3,7.2,10.9,4.9,0.0,0.0,0.0,0.0,14.4,35.6
2024-10-25,3,12.6,6.2,11.0,4.0,0.0,0.0,0.0,0.0,11.5,27.4
2024-10-26,63,7.4,4.5,6.0,1.8,3.6,3.6,0.0,0.0,9.7,22.7
2024-10-27,51,9.9,7.3,8.5,6.1,0.2,0.2,0.0,0.0,11.2,27.0
2024-10-28,61,10.6,7.5,8.5,4.9,1.8,1.8,0.0,0.0,15.8,41.4
2024-10-29,53,10.4,6.0,9.1,4.2,0.7,0.7,0.0,0.0,12.2,28.4
2024-10-30,61,11.6,6.0,9.3,3.0,2.4,2.4,0.0,0.0,17.3,46.1
2024-10-31,53,10.1,4.7,8.5,1.7,3.3,3.3,0.0,0.0,15.5,39.6
2024-11-01,63,12.8,4.9,8.8,-0.8,15.2,15.2,0.0,0.0,29.2,76.0
2024-11-02,63,6.3,2.0,3.2,-2.7,30.5,30.5,0.0,0.0,29.9,78.5
2024-11-03,55,8.8,0.8,4.7,-2.6,9.6,9.6,0.0,0.0,28.8,76.0
2024-11-04,51,5.3,0.9,1.3,-3.1,0.1,0.1,0.0,0.0,18.0,48.6
2024-11-05,51,8.8,2.8,6.1,-0.2,0.9,0.9,0.0,0.0,15.8,37.8
2024-11-06,3,8.5,6.8,6.0,4.4,0.0,0.0,0.0,0.0,12.6,32.0
2024-11-07,3,8.0,6.1,6.0,3.9,0.0,0.0,0.0,0.0,9.4,23.4
2024-11-08,3,9.5,6.8,7.7,5.1,0.0,0.0,0.0,0.0,9.7,23.8
2024-11-09,3,7.2,4.3,5.3,2.2,0.0,0.0,0.0,0.0,7.6,18.4
2024-11-10,3,4.4,1.9,2.4,-0.7,0.0,0.0,0.0,0.0,5.8,14.4
2024-11-11,3,2.3,1.2,-0.5,-1.3,0.0,0.0,0.0,0.0,7.2,18.0
2024-11-12,51,3.0,1.2,0.1,-1.5,1.9,1.9,0.0,0.0,9.7,23.4
2024-11-13,51,3.2,1.8,0.4,-1.7,0.3,0.3,0.0,0.0,10.4,25.6
2024-11-14,61,3.9,0.1,1.9,-3.3,7.2,7.2,0.0,0.0,16.9,39.2
2024-11-15,51,6.5,-0.1,3.7,-2.7,0.1,0.1,0.0,0.0,11.5,27.4
2024-11-16,51,9.4,6.3,5.8,2.1,1.8,1.8,0.0,0.0,25.6,60.1
2024-11-17,61,6.8,4.4,3.1,-0.1,7.3,7.3,0.0,0.0,24.8,57.2
2024-11-18,63,5.4,2.3,2.0,-1.2,11.3,11.3,0.0,0.0,18.4,45.0
2024-11-19,51,3.2,1.4,0.1,-2.5,1.7,1.7,0.0,0.0,16.6,38.5
2024-11-20,63,5.9,0.6,1.1,-4.5,14.7,14.7,0.0,0.0,25.9,60.1
2024-11-21,51,2.0,-0.4,-2.2,-5.3,0.5,0.5,0.0,0.0,18.0,43.6
2024-11-22,73,0.2,-3.0,-4.5,-7.0,2.7,0.8,0.0,1.33,21.2,49.0
2024-11-23,73,0.2,-3.5,-3.9,-7.7,0.9,0.0,0.0,0.63,18.0,42.8
2024-11-24,51,0.6,-3.8,-3.4,-7.8,0.5,0.5,0.0,0.0,21.6,49.0
2024-11-25,61,6.2,0.5,2.6,-4.6,5.7,5.7,0.0,0.0,20.9,49.0
2024-11-26,61,6.8,4.1,3.1,1.5,8.2,8.2,0.0,0.0,16.6,38.5
2024-11-27,53,5.4,4.0,3.4,1.4,2.0,2.0,0.0,0.0,10.1,24.1
2024-11-28,3,4.6,2.8,2.1,0.0,0.0,0.0,0.0,0.0,9.4,22.3
2024-11-29,3,3.7,-0.2,1.1,-2.7,0.0,0.0,0.0,0.0,6.8,15.8
2024-11-30,3,6.1,1.9,2.9,-1.2,0.0,0.0,0.0,0.0,16.2,37.8
2024-12-01,3,3.7,0.4,-0.0,-2.8,0.0,0.0,0.0,0.0,14.4,34.9
2024-12-02,3,3.2,0.4,-0.8,-2.9,0.0,0.0,0.0,0.0,16.2,38.9
2024-12-03,51,5.1,0.2,2.3,-4.3,2.2,2.2,0.0,0.0,14.4,40.3
2024-12-04,3,0.0,-2.8,-4.4,-7.4,0.0,0.0,0.0,0.0,13.7,32.8
2024-12-05,3,0.6,-2.0,-3.8,-6.6,0.0,0.0,0.0,0.0,13.7,32.4
2024-12-06,3,-0.9,-1.8,-5.1,-6.0,0.0,0.0,0.0,0.0,13.7,32.0
2024-12-07,3,0.4,-1.4,-3.5,-5.3,0.0,0.0,0.0,0.0,13.3,32.0
2024-12-08,3,1.1,-0.3,-2.0,-4.2,0.0,0.0,0.0,0.0,10.8,25.9
2024-12-09,3,0.4,-3.9,-3.0,-7.8,0.0,0.0,0.0,0.0,11.9,29.2
2024-12-10,3,-1.2,-4.2,-4.2,-7.5,0.0,0.0,0.0,0.0,4.7,14.0
2024-12-11,3,1.5,-3.2,-1.2,-6.5,0.0,0.0,0.0,0.0,6.8,16.6
